Date,Phone Queue Original,Calls Offered,Calls Handled,Calls Abandoned,Average Speed Answer,Average Handle Time,Average Talk Time,Average ACW Time,Service Level %,Average Abandon Time,Max Wait Time
01/04/22,Accounts,937,842,94,184,463,404,58.86,64.25%,210,815
01/05/22,Accounts,587,554,30,60,450,385,65.5,88.63%,57,395
01/06/22,Accounts,516,495,21,53,444,375,68.54,92.32%,171,"1,062"
01/07/22,Accounts,353,338,15,49,454,388,66.33,91.72%,149,578
01/10/22,Accounts,576,557,19,51,464,403,61.02,90.31%,136,579
01/11/22,Accounts,368,358,10,30,426,374,52.15,94.41%,71,495
01/12/22,Accounts,461,436,25,81,456,391,64.81,85.09%,132,899
01/13/22,Accounts,408,390,18,71,456,395,60.37,85.13%,115,681
01/14/22,Accounts,307,296,11,46,612,477,135.11,91.22%,219,607
01/17/22,Accounts,258,253,5,16,533,452,80.85,97.63%,102,360
01/18/22,Accounts,428,416,12,35,511,447,64.11,93.99%,93,378
01/19/22,Accounts,404,374,30,94,488,418,70.44,77.54%,118,544
01/20/22,Accounts,338,320,18,72,570,503,67.31,86.88%,135,"1,106"
01/21/22,Accounts,309,295,14,61,549,475,73.2,88.81%,95,"1,049"
01/24/22,Accounts,580,526,53,120,501,440,61.15,75.48%,169,702
01/25/22,Accounts,357,322,35,91,483,424,58.98,83.85%,260,"1,158"
01/26/22,Accounts,409,375,34,111,467,412,55.64,76.00%,147,553
01/27/22,Accounts,377,361,16,70,459,397,62.2,86.43%,106,520
01/28/22,Accounts,270,253,16,76,443,390,53.34,84.19%,147,550
01/31/22,Accounts,346,335,11,62,442,391,51.24,88.66%,141,503
02/01/22,Accounts,316,298,18,59,453,396,56.95,91.95%,101,526
02/02/22,Accounts,422,411,11,51,477,418,59.09,91.24%,138,488
02/03/22,Accounts,325,310,14,76,456,408,47.57,83.55%,152,586
02/04/22,Accounts,216,205,11,62,465,406,59.47,91.22%,198,761
02/07/22,Accounts,783,653,125,260,473,422,50.3,50.38%,244,"1,011"
02/08/22,Accounts,488,474,14,44,450,397,53.61,93.46%,166,368
02/09/22,Accounts,464,450,14,55,456,392,63.87,90.89%,124,559
02/10/22,Accounts,439,418,21,83,472,412,60.36,82.54%,147,688
02/11/22,Accounts,482,427,53,171,429,376,52.64,67.92%,217,"1,095"
02/14/22,Accounts,579,549,30,80,468,404,63.8,85.79%,206,"1,089"
02/15/22,Accounts,453,436,17,50,438,386,52.12,91.51%,83,474
02/16/22,Accounts,351,345,6,38,466,410,55.5,94.49%,86,554
02/17/22,Accounts,157,155,2,20,458,405,52.92,98.06%,111,378
02/18/22,Accounts,191,183,8,33,451,391,60.26,93.99%,180,444
02/21/22,Accounts,195,191,4,19,452,400,51.55,98.95%,53,786
02/22/22,Accounts,332,304,28,83,484,428,56.02,87.83%,345,"1,372"
02/23/22,Accounts,200,194,6,70,388,342,45.04,88.66%,189,863
02/24/22,Accounts,194,184,10,34,420,373,46.56,96.20%,77,284
02/25/22,Accounts,149,130,17,157,447,390,56.58,76.15%,347,"2,431"
02/28/22,Accounts,280,267,13,50,463,407,55.58,92.51%,119,370
03/01/22,Accounts,308,295,12,64,477,430,47.2,83.39%,65,385
03/02/22,Accounts,131,125,6,86,452,399,52.26,87.20%,171,"1,182"
03/03/22,Accounts,274,258,16,53,455,395,59.39,89.92%,146,458
03/04/22,Accounts,169,162,7,65,503,431,72.17,87.04%,149,861
03/07/22,Accounts,628,536,90,302,459,405,54.66,43.66%,243,"1,097"
03/08/22,Accounts,309,289,18,132,457,400,56.38,75.09%,181,"1,149"
03/09/22,Accounts,377,335,40,150,441,379,61.24,64.48%,133,811
03/10/22,Accounts,444,386,58,226,423,364,58.24,53.89%,224,"1,532"
03/11/22,Accounts,257,230,25,135,416,348,67.14,76.52%,133,"1,258"
03/14/22,Accounts,370,356,14,41,477,415,61.56,95.79%,84,262
03/15/22,Accounts,499,475,24,74,399,342,56.93,87.37%,65,488
03/16/22,Accounts,542,477,61,161,374,321,52.7,64.36%,185,"1,128"
03/17/22,Accounts,852,615,236,567,439,386,52.66,22.11%,433,"2,380"
03/18/22,Accounts,694,537,157,436,413,362,51.73,21.23%,266,"1,124"
03/21/22,Accounts,"1,010",597,413,817,457,404,52.57,5.03%,432,"2,421"
03/22/22,Accounts,942,502,440,"1,078",434,391,42.51,18.73%,628,"2,457"
03/23/22,Accounts,451,405,46,182,475,409,66.18,59.75%,146,787
03/24/22,Accounts,261,259,2,30,457,399,58,96.91%,4,278
03/25/22,Accounts,"1,441",721,720,"1,306",437,393,44.23,5.27%,641,"2,618"
03/28/22,Accounts,514,481,33,112,426,376,49.33,77.34%,179,746
03/29/22,Accounts,841,741,100,200,425,370,55.04,56.01%,173,908
03/30/22,Accounts,441,376,65,172,429,373,55.68,62.77%,189,953
03/31/22,Accounts,369,347,22,97,461,402,58.79,80.40%,89,604
04/01/22,Accounts,252,229,22,87,458,394,63.34,82.10%,103,735
04/04/22,Accounts,947,786,161,223,413,363,49.88,52.16%,187,"1,299"
04/05/22,Accounts,432,408,24,87,430,381,49.33,87.75%,235,"1,413"
04/06/22,Accounts,314,293,21,105,451,399,52.44,77.13%,141,561
04/07/22,Accounts,261,236,25,137,451,393,58.36,75.42%,149,"1,084"
04/08/22,Accounts,296,283,13,67,416,356,60.61,88.69%,137,646
04/11/22,Accounts,510,434,57,189,428,381,47.49,65.44%,233,875
04/12/22,Accounts,410,363,43,140,432,390,42.02,66.94%,141,756
04/13/22,Accounts,306,282,21,56,446,400,45.76,89.36%,112,"1,230"
04/14/22,Accounts,237,227,9,23,479,429,49.78,96.92%,40,360
04/15/22,Accounts,138,134,4,21,498,458,40.12,97.01%,38,344
04/18/22,Accounts,237,226,11,46,455,398,57.67,91.15%,68,596
04/19/22,Accounts,230,219,11,52,501,444,57.27,88.13%,211,430
04/20/22,Accounts,173,170,3,27,489,431,58.48,94.71%,26,359
04/21/22,Accounts,166,162,4,60,474,413,60.85,84.57%,112,545
04/22/22,Accounts,122,114,7,31,578,494,83.65,93.86%,52,553
04/25/22,Accounts,342,327,15,70,452,402,50.07,86.54%,146,895
04/26/22,Accounts,201,194,6,38,529,471,57.57,92.78%,78,546
04/27/22,Accounts,171,163,6,70,487,433,54.67,88.96%,402,"1,306"
04/28/22,Accounts,159,156,1,17,467,409,57.26,98.08%,9,223
04/29/22,Accounts,127,124,3,59,440,370,70.12,91.94%,628,"1,416"
05/02/22,Accounts,283,249,32,119,493,425,68.32,75.10%,224,933
05/03/22,Accounts,534,476,56,165,428,373,54.99,69.96%,242,"1,165"
05/04/22,Accounts,180,177,3,16,424,377,47.48,97.74%,37,248
05/05/22,Accounts,172,166,6,19,484,428,56.24,97.59%,113,251
05/06/22,Accounts,181,176,5,73,439,383,56.45,85.23%,242,673
05/09/22,Accounts,388,372,16,41,460,407,53.13,93.55%,82,325
05/10/22,Accounts,319,297,21,92,422,372,49.77,78.45%,81,444
05/11/22,Accounts,243,232,10,89,434,367,66.73,82.33%,72,781
05/12/22,Accounts,187,184,3,39,465,416,48.65,93.48%,208,549
05/13/22,Accounts,201,192,9,55,464,400,63.51,92.71%,114,554
05/16/22,Accounts,373,341,26,132,463,404,58.46,72.73%,99,787
05/17/22,Accounts,250,245,5,41,411,364,46.96,92.65%,60,357
05/18/22,Accounts,219,213,6,30,466,409,56.72,95.31%,28,620
05/19/22,Accounts,229,216,13,94,528,455,72.7,84.72%,298,"1,386"
05/20/22,Accounts,229,220,9,72,412,360,52.35,91.36%,391,"1,502"
05/23/22,Accounts,420,373,43,121,435,374,61.15,75.87%,203,"1,178"
05/24/22,Accounts,459,408,49,118,421,367,54.25,74.51%,157,833
05/25/22,Accounts,291,283,6,31,443,383,59.96,96.11%,100,397
05/26/22,Accounts,292,282,9,52,445,398,46.59,91.13%,86,719
05/27/22,Accounts,295,270,25,133,467,400,66.67,72.59%,147,793
05/31/22,Accounts,467,398,69,228,478,418,59.94,50.25%,222,"1,206"
06/01/22,Accounts,391,340,50,239,427,369,58.37,58.82%,257,"1,145"
06/02/22,Accounts,439,408,28,79,430,382,48.44,85.05%,157,993
06/03/22,Accounts,251,233,17,88,460,404,55.59,85.84%,157,"1,317"
06/06/22,Accounts,405,384,21,63,439,389,50.5,89.06%,154,"1,241"
06/07/22,Accounts,242,226,15,52,453,400,53.33,92.04%,70,643
06/08/22,Accounts,193,182,10,23,449,404,45.23,96.70%,144,363
06/09/22,Accounts,168,160,8,48,407,354,52.51,88.75%,52,658
06/10/22,Accounts,105,102,3,53,417,350,67.13,93.14%,52,"1,523"
06/13/22,Accounts,318,289,29,100,419,368,51.2,80.97%,143,"1,260"
06/14/22,Accounts,206,197,9,51,387,344,43.11,91.88%,197,787
06/15/22,Accounts,230,207,23,168,485,398,86.8,66.67%,238,"1,020"
06/16/22,Accounts,183,171,12,74,464,402,62.4,85.96%,182,926
06/17/22,Accounts,162,153,9,80,475,400,75.04,86.27%,37,691
06/20/22,Accounts,8,2,6,20,42,21,21,100.00%,10,33
06/21/22,Accounts,468,364,100,344,487,422,64.42,44.51%,322,"2,167"
06/22/22,Accounts,219,199,18,100,456,397,59.65,81.41%,137,607
06/23/22,Accounts,146,126,19,99,504,425,78.6,85.71%,452,"1,547"
06/24/22,Accounts,114,103,11,64,411,356,55.03,91.26%,566,"1,609"
06/27/22,Accounts,259,243,16,70,416,364,52.39,88.89%,78,"1,278"
06/28/22,Accounts,259,234,25,91,426,373,52.98,84.19%,109,848
06/29/22,Accounts,158,146,12,105,456,400,56.47,81.51%,136,799
06/30/22,Accounts,145,139,6,16,424,373,51.78,98.56%,116,235
07/01/22,Accounts,562,234,328,"1,199",465,396,68.61,22.65%,767,"2,907"
07/02/22,Accounts,3,2,1,4,238,8,230.5,100.00%,56,4
07/05/22,Accounts,872,390,482,"1,138",461,408,53.26,23.59%,743,"3,830"
07/06/22,Accounts,804,322,482,"1,510",490,436,53.83,15.53%,784,"4,912"
07/07/22,Accounts,760,317,443,"1,351",442,374,68.32,22.40%,836,"4,448"
07/08/22,Accounts,688,667,21,32,136,114,21.63,95.80%,231,"1,003"
07/11/22,Accounts,"1,340",357,983,"2,353",496,451,45.58,2.52%,"1,042","5,080"
07/12/22,Accounts,"1,096",446,650,"1,569",485,434,51.3,1.12%,753,"4,120"
07/13/22,Accounts,925,378,547,"1,280",463,406,56.43,4.50%,864,"4,605"
07/14/22,Accounts,763,332,431,"1,281",483,413,69.74,6.63%,816,"5,666"
07/15/22,Accounts,677,320,357,"1,106",455,375,79.39,10.94%,806,"5,385"
07/18/22,Accounts,898,476,422,"1,137",471,404,67.06,15.55%,725,"4,407"
07/19/22,Accounts,736,463,273,754,476,409,67.6,18.36%,539,"2,736"
07/20/22,Accounts,763,361,402,"1,155",477,409,68.45,6.93%,609,"2,840"
07/21/22,Accounts,623,410,213,601,478,412,65.45,29.51%,510,"2,814"
07/22/22,Accounts,533,241,292,"1,125",489,422,67.14,12.03%,705,"3,382"
07/25/22,Accounts,806,352,454,"1,282",460,400,60.01,9.94%,753,"3,667"
07/26/22,Accounts,761,357,404,"1,184",468,409,59.13,7.00%,679,"3,622"
07/27/22,Accounts,530,393,137,543,461,401,60.17,37.66%,413,"1,797"
07/28/22,Accounts,578,350,228,505,451,400,51.44,32.00%,476,"1,960"
07/29/22,Accounts,345,205,140,797,452,385,67.72,21.95%,588,"3,585"
08/01/22,Accounts,"1,032",403,629,"1,369",487,427,60.04,8.19%,752,"3,824"
08/02/22,Accounts,711,449,262,733,462,394,67.93,14.48%,472,"2,525"
08/03/22,Accounts,701,269,432,"1,267",465,404,60.88,11.15%,891,"5,485"
08/04/22,Accounts,495,407,88,259,437,376,61.09,59.46%,408,"3,386"
08/05/22,Accounts,388,308,80,332,415,353,61.98,52.27%,560,"3,010"
08/08/22,Accounts,478,229,249,"1,060",479,421,58.2,31.88%,894,"4,178"
08/09/22,Accounts,534,350,183,578,464,406,58.38,33.14%,522,"3,059"
08/10/22,Accounts,327,259,68,432,482,421,61.22,40.54%,385,"2,623"
08/11/22,Accounts,337,183,154,875,489,429,59.95,38.25%,796,"3,279"
08/12/22,Accounts,246,188,58,389,431,369,61.7,50.00%,635,"1,994"
08/15/22,Accounts,572,279,293,"1,127",450,392,57.85,22.22%,704,"3,056"
08/16/22,Accounts,349,266,83,372,490,425,65.4,47.74%,348,"2,666"
08/17/22,Accounts,314,205,109,555,450,386,64.09,29.76%,527,"2,848"
08/18/22,Accounts,421,205,216,985,463,396,67.73,23.90%,733,"4,558"
08/19/22,Accounts,302,170,132,868,509,452,56.99,38.82%,807,"4,292"
08/22/22,Accounts,367,224,143,832,497,434,62.51,19.64%,692,"2,981"
08/23/22,Accounts,372,235,137,604,501,439,62.52,43.83%,668,"3,662"
08/24/22,Accounts,239,203,36,156,485,419,65.73,72.91%,163,"1,559"
08/25/22,Accounts,204,146,58,557,480,405,75.12,43.84%,553,"2,931"
08/26/22,Accounts,312,207,105,610,569,455,114.26,31.40%,513,"2,350"
08/29/22,Accounts,420,269,151,554,528,447,81.71,42.75%,545,"3,833"
08/30/22,Accounts,309,278,31,117,509,433,76.16,74.10%,225,847
08/31/22,Accounts,241,229,12,93,518,439,79.04,82.10%,117,762
09/01/22,Accounts,284,257,27,137,476,424,52.25,77.04%,230,"1,382"
09/02/22,Accounts,283,250,33,184,468,391,77.58,62.80%,268,"2,215"
09/06/22,Accounts,628,229,399,"1,514",455,388,66.83,11.35%,966,"4,426"
09/07/22,Accounts,267,191,76,410,485,414,71.51,61.26%,719,"6,039"
09/08/22,Accounts,296,288,8,71,472,397,75.21,86.81%,97,663
09/09/22,Accounts,226,211,15,89,507,424,83.49,85.78%,181,"1,140"
09/12/22,Accounts,415,350,63,232,472,388,83.47,64.00%,298,"1,333"
09/13/22,Accounts,380,317,63,225,467,384,82.73,61.20%,384,"1,954"
09/14/22,Accounts,351,238,112,575,515,428,86.87,36.55%,543,"2,481"
09/15/22,Accounts,306,234,72,357,430,361,69.43,59.83%,611,"2,849"
09/16/22,Accounts,291,200,91,392,447,380,67.35,61.00%,608,"2,581"
09/19/22,Accounts,295,271,23,126,470,401,68.72,77.49%,284,"1,525"
09/20/22,Accounts,290,244,46,219,464,396,67.71,71.72%,418,"2,351"
09/21/22,Accounts,266,237,27,142,495,414,81.26,74.26%,293,"1,606"
09/22/22,Accounts,241,225,16,55,429,362,67.13,91.56%,148,"1,140"
09/23/22,Accounts,130,115,15,100,433,386,47.78,85.22%,427,"2,050"
09/26/22,Accounts,321,246,75,386,429,367,61.38,56.10%,572,"2,369"
09/27/22,Accounts,166,152,14,71,466,399,66.21,84.21%,198,866
09/28/22,Accounts,192,175,16,75,517,440,77.25,88.00%,120,863
09/29/22,Accounts,147,138,9,87,557,469,87.66,84.78%,766,"1,660"
09/30/22,Accounts,193,163,30,205,631,440,190.78,60.12%,255,986
10/03/22,Accounts,299,254,45,218,635,519,116.65,59.06%,309,"1,381"
10/04/22,Accounts,307,249,58,274,606,491,115.3,60.64%,481,"1,719"
10/05/22,Accounts,232,186,46,283,531,416,114.42,75.81%,556,"3,273"
10/06/22,Accounts,265,210,55,294,558,437,121,66.19%,526,"1,823"
10/07/22,Accounts,216,172,44,188,650,528,121.68,72.09%,581,"2,299"
10/10/22,Accounts,204,199,5,49,456,375,81.16,88.94%,227,544
10/11/22,Accounts,280,200,80,484,567,463,104.72,35.50%,442,"1,738"
10/12/22,Accounts,311,284,24,136,506,420,85.8,72.89%,236,"1,236"
10/13/22,Accounts,327,285,38,165,496,414,81.37,71.93%,238,"1,607"
10/14/22,Accounts,317,283,31,217,514,444,69.81,67.49%,257,"1,441"
10/17/22,Accounts,497,451,44,136,482,412,70.37,80.49%,367,"1,536"
10/18/22,Accounts,523,494,26,81,458,374,83.84,84.82%,169,"1,136"
10/19/22,Accounts,382,361,19,76,483,410,73.45,85.32%,157,911
10/20/22,Accounts,440,422,18,87,490,411,78.92,82.70%,100,570
10/21/22,Accounts,260,249,11,69,480,409,70.88,86.75%,140,721
10/24/22,Accounts,528,495,33,121,431,365,65.22,76.97%,159,865
10/25/22,Accounts,295,291,4,25,463,390,73.41,95.88%,61,588
10/26/22,Accounts,195,188,7,32,508,422,86.14,96.28%,22,516
10/27/22,Accounts,162,153,9,49,455,370,84.86,92.16%,675,"1,132"
10/28/22,Accounts,161,153,8,33,549,425,124.36,92.81%,216,487
10/31/22,Accounts,251,231,20,64,565,479,85.6,95.67%,442,"2,600"
11/01/22,Accounts,429,376,53,178,473,399,74.01,69.95%,294,"1,411"
11/02/22,Accounts,244,243,1,25,524,449,74.6,96.30%,35,445
11/03/22,Accounts,229,219,9,51,521,455,65.83,90.41%,125,739
11/04/22,Accounts,216,201,15,48,505,430,75.05,92.04%,159,775
11/07/22,Accounts,279,267,12,46,475,408,66.15,91.76%,61,541
11/08/22,Accounts,240,234,6,71,501,417,84.26,84.19%,159,692
11/09/22,Accounts,233,228,5,14,472,399,72.67,98.68%,32,431
11/10/22,Accounts,229,222,7,21,539,443,96.14,96.40%,128,597
11/11/22,Accounts,161,160,1,7,683,547,136.64,100.00%,46,116
11/14/22,Accounts,305,302,3,20,577,492,85.08,98.68%,89,212
11/15/22,Accounts,652,627,25,33,529,460,68.75,95.37%,123,726
11/16/22,Accounts,586,566,20,37,444,379,64.41,93.64%,127,743
11/17/22,Accounts,575,543,32,78,457,399,57.92,84.53%,89,575
11/18/22,Accounts,499,450,49,95,457,400,57.03,90.44%,631,"3,388"
11/21/22,Accounts,700,663,37,83,452,391,61.47,84.62%,180,739
11/22/22,Accounts,582,572,10,29,459,400,58.8,97.38%,32,340
11/23/22,Accounts,444,423,21,45,502,437,64.7,92.67%,115,"1,615"
11/25/22,Accounts,278,262,16,49,436,378,58.45,89.69%,91,413
11/28/22,Accounts,784,725,59,101,465,402,63.15,86.90%,175,"1,414"
11/29/22,Accounts,696,665,28,56,465,396,68.79,90.68%,81,"1,252"
11/30/22,Accounts,336,323,13,84,470,404,66.22,81.11%,161,807
12/01/22,Accounts,251,237,14,59,504,433,71.19,89.87%,132,585
12/02/22,Accounts,197,191,5,59,418,361,57.32,89.53%,241,598
12/05/22,Accounts,488,433,55,179,427,367,60.56,62.36%,193,851
12/06/22,Accounts,236,226,10,46,462,414,47.4,90.27%,60,458
12/07/22,Accounts,266,252,14,92,461,391,69.79,77.78%,91,750
12/08/22,Accounts,206,197,7,61,453,397,55.79,86.80%,95,579
12/09/22,Accounts,283,274,9,82,488,433,54.65,85.40%,128,646
12/12/22,Accounts,664,590,73,101,410,354,56.25,78.31%,75,656
12/13/22,Accounts,415,397,18,46,399,354,45.43,94.46%,99,283
12/14/22,Accounts,334,321,13,51,429,373,55.35,90.97%,108,403
12/15/22,Accounts,266,257,9,53,422,358,64.16,90.27%,141,471
12/16/22,Accounts,185,173,11,86,458,387,71.79,84.97%,136,748
12/19/22,Accounts,360,343,17,65,432,363,69.27,87.46%,118,908
12/20/22,Accounts,244,239,5,39,430,357,73.36,96.23%,110,767
12/21/22,Accounts,197,192,4,52,442,364,77.42,90.10%,83,511
12/22/22,Accounts,129,124,5,34,451,369,81.81,94.35%,222,649
12/23/22,Accounts,77,75,1,38,395,334,61.36,92.00%,111,503
12/27/22,Accounts,194,190,3,68,391,320,70.98,85.26%,170,503
12/28/22,Accounts,149,146,3,40,397,312,84.49,93.15%,200,867
12/29/22,Accounts,129,123,6,39,394,327,67.73,95.12%,73,430
12/30/22,Accounts,100,92,7,38,439,350,88.82,94.57%,63,521
01/03/23,Accounts,405,394,9,75,422,358,63.32,84.77%,247,738
01/04/23,Accounts,255,250,4,56,404,329,74.92,91.20%,113,652
01/05/23,Accounts,226,221,4,51,423,341,82.08,91.86%,18,705
01/06/23,Accounts,212,203,9,42,395,324,71.43,94.58%,128,613
01/09/23,Accounts,300,281,17,77,417,332,84.83,86.83%,211,867
01/10/23,Accounts,289,283,6,43,404,324,80.26,93.29%,62,350
01/11/23,Accounts,235,227,8,43,393,337,55.61,92.07%,101,466
01/12/23,Accounts,215,205,10,51,401,332,69.97,91.22%,44,673
01/13/23,Accounts,199,189,9,34,371,313,57.91,93.65%,164,749
01/16/23,Accounts,170,159,11,97,398,333,65.28,89.94%,365,"1,877"
01/17/23,Accounts,244,239,5,28,440,365,75.16,97.49%,31,603
01/18/23,Accounts,243,229,13,53,426,339,86.38,91.70%,201,754
01/19/23,Accounts,207,200,7,36,414,329,85.74,92.50%,67,441
01/20/23,Accounts,192,175,17,144,362,310,52.4,72.00%,276,931
01/23/23,Accounts,"1,475","1,429",46,64,172,132,39.75,90.41%,168,"1,099"
01/24/23,Accounts,655,602,53,148,440,361,78.98,70.60%,200,"1,181"
01/25/23,Accounts,352,333,19,77,415,332,83.92,87.09%,228,"1,242"
01/26/23,Accounts,348,333,15,72,409,332,77.39,87.09%,122,915
01/27/23,Accounts,307,294,13,64,423,359,64.06,89.46%,125,706
01/30/23,Accounts,513,490,23,65,453,378,75.06,88.78%,146,819
01/31/23,Accounts,308,298,10,54,416,335,80.74,87.25%,78,586
02/01/23,Accounts,326,310,15,81,405,333,71.47,83.55%,147,764
02/02/23,Accounts,270,258,11,81,405,328,76.79,82.56%,104,774
02/03/23,Accounts,290,268,21,97,411,340,71.18,83.96%,176,"1,006"
02/06/23,Accounts,554,515,39,107,455,370,84.93,80.97%,161,"1,001"
02/07/23,Accounts,340,325,14,99,415,342,72.8,80.00%,79,"1,048"
02/08/23,Accounts,240,204,36,177,457,381,75.89,80.39%,824,"3,216"
02/09/23,Accounts,306,283,20,101,441,355,85.27,80.57%,255,948
02/10/23,Accounts,235,219,16,104,408,335,72.43,78.08%,149,759
02/13/23,Accounts,440,413,26,90,398,328,69.23,80.63%,107,928
02/14/23,Accounts,346,325,21,73,410,339,70.33,85.23%,94,692
02/15/23,Accounts,362,331,31,114,383,315,67.8,74.62%,181,742
02/16/23,Accounts,458,358,100,327,446,353,93.41,56.98%,465,"2,814"
02/17/23,Accounts,431,363,68,268,439,364,75.76,53.72%,284,"1,413"
02/20/23,Accounts,215,196,18,73,339,275,63.38,84.18%,183,"1,505"
02/21/23,Accounts,410,374,35,121,428,342,85.74,78.88%,159,"1,504"
02/22/23,Accounts,268,256,12,67,426,347,78.97,87.50%,289,792
02/23/23,Accounts,333,278,55,225,451,369,82.29,59.35%,313,"1,873"
02/24/23,Accounts,313,267,46,174,407,341,66.25,76.03%,382,"3,693"
02/27/23,Accounts,383,312,71,354,422,352,70,38.14%,318,"1,420"
02/28/23,Accounts,402,386,16,71,395,323,72.32,87.31%,155,"1,104"
03/01/23,Accounts,430,361,69,227,384,316,68.44,57.06%,279,"1,375"
03/02/23,Accounts,359,311,48,157,397,316,80.73,76.85%,437,"2,218"
03/03/23,Accounts,314,296,18,83,383,316,66.19,83.11%,214,"1,343"
03/06/23,Accounts,357,345,12,59,407,331,76.27,89.86%,225,"1,069"
03/07/23,Accounts,292,283,9,40,426,358,68.81,92.58%,166,"1,025"
03/08/23,Accounts,272,263,9,58,457,380,77.67,86.69%,106,709
03/09/23,Accounts,192,179,13,91,464,370,93.92,84.36%,223,"1,194"
03/10/23,Accounts,158,146,12,108,559,417,142.12,80.14%,276,"1,140"
03/13/23,Accounts,289,269,20,69,563,471,92.54,85.87%,131,594
03/14/23,Accounts,185,173,12,87,499,426,73.43,82.08%,435,"1,913"
03/15/23,Accounts,240,228,12,93,554,459,94.77,85.53%,261,"1,599"
03/16/23,Accounts,153,141,12,165,613,531,82.55,81.56%,887,"2,757"
03/17/23,Accounts,120,104,16,78,511,417,94.2,91.35%,"1,096","2,120"
03/20/23,Accounts,550,396,154,171,435,356,79.15,76.26%,387,"1,298"
03/21/23,Accounts,259,243,16,112,433,374,58.87,80.25%,241,963
03/22/23,Accounts,162,159,3,10,474,385,88.88,99.37%,1,200
03/23/23,Accounts,179,174,5,58,438,382,56.52,87.36%,197,670
03/24/23,Accounts,134,133,1,57,483,402,81.17,90.23%,450,889
03/27/23,Accounts,302,282,20,96,472,410,62.2,84.04%,274,"1,449"
03/28/23,Accounts,173,168,5,25,486,427,58.52,97.02%,46,435
03/29/23,Accounts,165,165,0,29,482,423,58.88,93.94%,0,373
03/30/23,Accounts,152,149,3,27,386,336,49.71,95.30%,120,367
03/31/23,Accounts,120,112,8,102,492,438,54.89,82.14%,160,"1,267"
04/03/23,Accounts,350,337,13,49,448,379,68.69,90.50%,102,428
04/04/23,Accounts,280,272,8,56,450,386,64.92,89.71%,94,686
04/05/23,Accounts,174,172,1,30,402,349,52.1,95.35%,718,982
04/06/23,Accounts,157,156,1,12,464,429,35.78,99.36%,66,199
04/07/23,Accounts,101,101,0,6,380,350,30.37,99.01%,0,188
04/10/23,Accounts,263,256,7,35,430,374,56.45,93.36%,84,482
04/11/23,Accounts,247,239,8,35,451,388,62.23,93.31%,202,599
04/12/23,Accounts,210,208,2,29,461,394,66.54,95.19%,99,689
04/13/23,Accounts,154,152,2,9,471,406,65.14,99.34%,80,202
04/14/23,Accounts,130,128,2,20,479,387,91.98,95.31%,102,282
04/17/23,Accounts,293,293,0,6,293,234,59.05,100.00%,0,75
04/18/23,Accounts,261,258,3,11,489,398,90.73,99.61%,49,346
04/19/23,Accounts,163,163,0,5,461,398,62.9,100.00%,0,73
04/20/23,Accounts,140,140,0,4,517,444,73.31,100.00%,0,12
04/21/23,Accounts,93,93,0,5,558,473,85.29,100.00%,0,59
04/24/23,Accounts,210,210,0,10,477,396,80.62,100.00%,0,129
04/25/23,Accounts,149,147,2,5,468,401,66.95,100.00%,98,128
04/26/23,Accounts,104,104,0,7,457,396,60.77,100.00%,0,110
04/27/23,Accounts,209,201,8,49,480,415,64.53,91.54%,205,799
04/28/23,Accounts,261,240,21,93,435,361,73.75,80.42%,123,"1,127"
05/01/23,Accounts,251,249,2,15,473,405,67.53,97.59%,80,478
05/02/23,Accounts,189,189,0,6,491,418,73.33,100.00%,0,119
05/03/23,Accounts,139,137,2,14,428,362,65.67,99.27%,99,233
05/04/23,Accounts,166,165,1,12,429,353,75.92,98.18%,35,243
05/05/23,Accounts,166,164,2,16,386,319,66.56,98.17%,19,196
05/08/23,Accounts,227,225,2,15,405,335,69.96,98.67%,72,300
05/09/23,Accounts,150,148,2,32,445,372,73.54,91.22%,12,394
05/10/23,Accounts,236,233,3,19,465,404,60.4,96.57%,98,404
05/11/23,Accounts,218,207,11,39,415,340,74.27,90.82%,142,625
05/12/23,Accounts,155,153,2,14,435,371,64.1,99.35%,5,209
05/15/23,Accounts,153,153,0,15,459,384,74.61,99.35%,0,362
05/16/23,Accounts,210,199,11,64,427,347,79.3,85.93%,84,371
05/17/23,Accounts,180,178,2,15,363,305,57.75,96.07%,10,259
05/18/23,Accounts,168,166,2,25,403,348,55.04,95.78%,83,563
05/19/23,Accounts,191,188,3,26,400,344,55.79,96.28%,70,537
05/22/23,Accounts,304,300,3,20,404,347,56.67,98.00%,168,301
05/23/23,Accounts,269,264,4,23,413,363,50.08,96.97%,97,470
05/24/23,Accounts,255,252,3,34,415,358,56.76,93.65%,127,380
05/25/23,Accounts,205,202,3,19,415,356,59.16,98.02%,33,366
05/26/23,Accounts,164,159,5,23,456,396,59.29,96.23%,331,312
05/29/23,Accounts,23,21,2,93,377,327,49.67,85.71%,182,"1,032"
05/30/23,Accounts,401,391,10,31,405,349,56.53,95.91%,157,745
05/31/23,Accounts,225,225,0,9,416,352,64.54,99.56%,0,183
06/01/23,Accounts,374,364,10,25,426,370,56.38,95.60%,100,692
06/02/23,Accounts,255,250,5,15,368,305,62.5,97.60%,14,273
06/05/23,Accounts,303,293,10,68,404,323,81.33,89.42%,196,811
06/06/23,Accounts,248,244,4,45,382,315,66.92,90.57%,157,406
06/07/23,Accounts,203,200,3,17,390,317,73.22,97.50%,96,495
06/08/23,Accounts,161,158,3,44,398,339,59.28,91.14%,152,500
06/09/23,Accounts,168,166,2,38,379,310,69.82,92.17%,181,386
06/12/23,Accounts,181,175,6,22,408,335,72.45,96.00%,68,212
06/13/23,Accounts,168,166,2,9,368,295,72.99,100.00%,97,154
06/14/23,Accounts,144,142,2,25,416,341,75.46,97.18%,25,431
06/15/23,Accounts,163,158,5,19,393,332,61.46,97.47%,41,382
06/16/23,Accounts,117,110,7,57,428,354,74.28,90.00%,155,731
06/19/23,Accounts,110,102,8,72,426,378,47.75,85.29%,93,572
06/20/23,Accounts,175,172,3,29,424,350,74.15,94.77%,8,338
06/21/23,Accounts,194,189,5,36,446,374,71.24,92.06%,72,328
06/22/23,Accounts,173,170,3,35,367,296,70.61,92.94%,122,372
06/23/23,Accounts,140,135,5,32,400,333,67.04,94.07%,57,442
06/26/23,Accounts,293,275,18,88,464,400,64.51,81.82%,119,815
06/27/23,Accounts,258,238,20,106,497,415,81.26,76.05%,268,992
06/28/23,Accounts,155,147,8,36,449,382,66.05,95.24%,95,511
06/29/23,Accounts,180,177,3,14,260,210,50.23,98.31%,19,490
06/30/23,Accounts,124,123,1,39,463,369,94.88,92.68%,2,994
07/03/23,Accounts,164,160,4,27,435,364,70.33,95.63%,25,435
07/05/23,Accounts,356,339,17,57,464,395,69.06,91.15%,118,791
07/06/23,Accounts,300,288,12,53,448,390,58.12,90.63%,162,842
07/07/23,Accounts,316,291,25,124,446,367,79.25,74.91%,258,888
07/10/23,Accounts,971,751,220,406,438,380,58.23,42.08%,357,"2,424"
07/11/23,Accounts,492,481,11,40,419,362,57.25,92.93%,100,630
07/12/23,Accounts,811,759,52,104,386,336,49.87,81.82%,199,"1,044"
07/13/23,Accounts,994,732,262,552,432,373,58.29,24.73%,382,"1,938"
07/14/23,Accounts,600,554,46,130,434,372,62.84,73.47%,249,"1,442"
07/17/23,Accounts,"1,177",690,487,872,442,381,61.85,11.88%,585,"3,037"
07/18/23,Accounts,"1,113",689,424,854,391,332,58.8,25.11%,572,"2,474"
07/19/23,Accounts,655,501,154,525,412,362,50.34,29.74%,404,"2,277"
07/20/23,Accounts,649,443,206,632,415,351,64.16,27.54%,563,"2,352"
07/21/23,Accounts,545,419,126,360,420,340,80.18,47.02%,435,"1,873"
07/24/23,Accounts,607,431,176,622,476,398,77.97,18.79%,396,"2,969"
07/25/23,Accounts,424,385,39,136,436,369,66.44,74.03%,222,975
07/26/23,Accounts,341,298,43,204,393,316,77.26,69.13%,301,"1,715"
07/27/23,Accounts,271,256,15,73,435,367,67.27,85.55%,256,807
07/28/23,Accounts,136,128,8,74,487,417,69.21,85.16%,279,926
07/31/23,Accounts,315,276,39,216,511,427,83.39,72.10%,394,"1,904"
08/01/23,Accounts,302,295,7,34,432,360,72.24,93.90%,65,269
08/02/23,Accounts,235,223,12,61,486,402,83.72,87.00%,105,638
08/03/23,Accounts,188,185,3,29,491,410,81.02,95.14%,155,685
08/04/23,Accounts,199,179,20,128,506,415,91.21,77.09%,412,"2,531"
08/07/23,Accounts,461,401,60,209,503,416,86.21,68.08%,511,"3,115"
08/08/23,Accounts,328,291,37,123,510,432,77.77,77.66%,458,"2,011"
08/09/23,Accounts,215,197,18,105,416,343,72.95,75.13%,188,621
08/10/23,Accounts,303,274,29,123,459,381,78.01,75.18%,178,"1,446"
08/11/23,Accounts,184,161,23,238,482,392,90.43,67.08%,337,"1,441"
08/14/23,Accounts,269,262,7,41,427,355,71.84,92.37%,102,789
08/15/23,Accounts,170,149,21,228,518,428,90.52,68.46%,482,"2,321"
08/16/23,Accounts,255,225,30,172,496,419,76.2,75.11%,287,"1,755"
08/17/23,Accounts,180,168,12,67,517,418,98.82,85.12%,142,714
08/18/23,Accounts,120,114,6,65,511,391,120.03,85.96%,179,701
08/21/23,Accounts,236,233,3,38,443,357,85.8,94.42%,35,574
08/22/23,Accounts,217,199,18,63,478,382,95.84,88.94%,148,"1,475"
08/23/23,Accounts,174,152,22,218,488,393,94.36,72.37%,408,"1,903"
08/24/23,Accounts,182,159,23,190,470,381,89.7,65.41%,122,"1,216"
08/25/23,Accounts,174,146,28,129,557,439,118.25,81.51%,588,"2,072"
08/28/23,Accounts,291,267,24,142,458,371,86.67,75.66%,178,"1,352"
08/29/23,Accounts,224,154,70,573,539,426,113.77,42.21%,572,"4,010"
08/30/23,Accounts,164,138,26,211,419,329,89.67,72.46%,348,"1,827"
08/31/23,Accounts,159,136,23,272,508,393,114.96,53.68%,213,"2,871"
09/01/23,Accounts,143,88,55,716,631,501,130.15,22.73%,751,"2,491"
09/05/23,Accounts,52,42,10,172,485,348,137.38,76.19%,65,"1,498"
09/06/23,Accounts,393,139,254,"1,342",545,444,100.72,12.23%,995,"7,652"
09/07/23,Accounts,570,328,242,837,477,392,84.86,11.89%,556,"3,707"
09/08/23,Accounts,279,188,91,433,476,368,108.01,50.53%,492,"2,805"
09/11/23,Accounts,391,277,114,482,553,446,107.51,37.55%,531,"1,911"
09/12/23,Accounts,291,249,42,181,464,369,94.73,69.88%,273,"1,117"
09/13/23,Accounts,253,180,73,517,518,393,124.37,34.44%,343,"2,556"
09/14/23,Accounts,121,99,22,262,464,336,127.84,69.70%,370,"1,884"
09/15/23,Accounts,97,74,23,104,520,390,129.93,86.49%,378,"1,715"
09/18/23,Accounts,186,154,32,290,607,479,127.6,49.35%,360,"1,824"
09/19/23,Accounts,177,159,18,112,523,407,115.67,84.91%,384,"1,038"
09/20/23,Accounts,146,136,10,136,499,409,90.16,77.21%,470,"2,135"
09/21/23,Accounts,196,181,15,91,559,447,111.87,80.66%,219,945
09/22/23,Accounts,92,88,4,65,586,488,98.63,85.23%,292,611
09/25/23,Accounts,301,285,16,80,493,403,89.86,84.56%,203,781
09/26/23,Accounts,255,217,38,212,448,358,89.98,67.74%,326,"2,478"
09/27/23,Accounts,272,230,42,230,534,449,84.99,66.52%,402,"2,923"
09/28/23,Accounts,169,160,9,39,529,436,93.51,91.25%,106,432
09/29/23,Accounts,129,125,4,67,456,355,100.63,89.60%,542,781
10/02/23,Accounts,207,199,8,71,479,384,95.9,87.44%,104,610
10/03/23,Accounts,258,235,23,119,455,393,61.89,80.43%,255,"2,111"
10/04/23,Accounts,136,134,2,49,458,374,84.05,91.79%,160,918
10/05/23,Accounts,207,203,4,28,496,403,93.07,95.07%,110,538
10/06/23,Accounts,95,85,10,173,486,393,93.6,77.65%,324,"1,542"
10/09/23,Accounts,106,106,0,9,469,383,86.01,100.00%,0,156
10/10/23,Accounts,135,130,5,56,485,407,77.91,89.23%,201,732
10/11/23,Accounts,142,125,17,130,509,414,95.06,76.80%,341,"1,000"
10/12/23,Accounts,42,40,2,50,451,357,94.15,92.50%,64,761
10/13/23,Accounts,31,30,1,59,415,310,105.1,83.33%,435,241
10/16/23,Accounts,80,62,18,285,529,455,73.84,51.61%,424,"1,715"
10/17/23,Accounts,64,59,5,49,479,400,79.15,93.22%,420,748
10/18/23,Accounts,73,61,12,163,432,352,79.46,68.85%,707,"1,345"
10/19/23,Accounts,54,51,3,40,546,472,74.53,94.12%,166,552
10/20/23,Accounts,38,28,10,332,532,446,86.96,82.14%,632,"2,076"
10/23/23,Accounts,83,72,11,92,496,424,71.56,86.11%,641,974
10/24/23,Accounts,82,72,10,205,515,443,71.65,77.78%,632,"2,482"
10/25/23,Accounts,55,51,4,88,593,489,103.69,82.35%,314,"1,164"
10/26/23,Accounts,29,29,0,111,597,527,70.03,86.21%,0,"1,441"
10/27/23,Accounts,17,15,2,14,607,532,75.4,100.00%,702,154
10/30/23,Accounts,81,63,18,216,469,375,93.48,61.90%,528,"1,108"
10/31/23,Accounts,36,32,4,111,587,503,83.53,71.88%,799,525
11/01/23,Accounts,51,40,11,260,488,412,76.08,70.00%,478,"2,777"
11/02/23,Accounts,42,41,1,40,408,329,79.12,92.68%,10,673
11/03/23,Accounts,38,33,5,97,578,483,95.36,81.82%,242,814
11/06/23,Accounts,86,70,16,216,542,438,103.6,61.43%,292,"1,534"
11/07/23,Accounts,104,97,7,79,464,399,64.89,85.57%,102,909
11/08/23,Accounts,64,45,19,240,433,342,91.02,66.67%,516,"1,672"
11/09/23,Accounts,33,24,9,277,447,357,90.21,70.83%,867,"2,662"
11/10/23,Accounts,26,19,7,80,342,265,76.58,84.21%,"1,181",806
11/13/23,Accounts,39,22,17,283,466,329,136.64,72.73%,659,"2,723"
11/14/23,Accounts,21,16,5,70,399,302,97.69,87.50%,77,590
11/15/23,Accounts,22,18,4,57,520,360,159.17,77.78%,326,229
11/16/23,Accounts,24,23,1,95,446,301,145.48,86.96%,538,841
11/17/23,Accounts,21,16,5,30,562,398,164,100.00%,690,167
11/20/23,Accounts,18,16,2,172,586,462,124.31,75.00%,907,"1,941"
11/21/23,Accounts,27,27,0,45,464,365,98.96,92.59%,0,677
11/22/23,Accounts,14,11,3,39,248,158,90.36,90.91%,47,371
11/24/23,Accounts,7,7,0,15,282,229,53.57,100.00%,0,59
11/27/23,Accounts,32,29,3,75,502,355,147.55,86.21%,884,630
11/28/23,Accounts,39,31,8,49,609,520,89.61,93.55%,816,833
11/29/23,Accounts,20,12,8,178,697,557,139.92,83.33%,648,"1,526"
11/30/23,Accounts,29,24,5,81,460,360,99.67,83.33%,895,564
12/01/23,Accounts,30,17,13,560,417,317,100.18,70.59%,"1,218","6,933"
12/04/23,Accounts,24,19,5,356,518,432,86,57.89%,384,"1,961"
12/05/23,Accounts,21,21,0,41,589,423,166.43,95.24%,0,643
12/06/23,Accounts,28,23,5,208,544,391,153.17,82.61%,"1,102","1,987"
12/07/23,Accounts,20,17,3,149,425,395,30.47,76.47%,514,"1,051"
12/08/23,Accounts,8,5,3,36,743,565,178,100.00%,"1,375",165
12/11/23,Accounts,37,32,5,181,515,425,90.78,75.00%,128,"1,587"
12/12/23,Accounts,26,21,5,270,432,362,69.95,85.71%,749,"2,130"
12/13/23,Accounts,22,17,5,838,594,464,129.71,70.59%,926,"3,696"
12/14/23,Accounts,24,21,3,114,369,304,64.38,71.43%,219,599
12/15/23,Accounts,22,11,11,155,364,301,63.09,72.73%,502,696
12/18/23,Accounts,19,10,9,592,769,645,124,70.00%,578,"3,430"
12/19/23,Accounts,12,11,1,254,314,229,84.27,72.73%,459,"1,532"
12/20/23,Accounts,13,12,1,72,280,232,47.83,83.33%,421,320
12/21/23,Accounts,8,7,1,206,333,161,172.14,71.43%,989,639
12/22/23,Accounts,9,9,0,117,354,199,155.11,88.89%,0,212
01/04/22,ES - SDC Accounts,1203,1132,61,96,716,623,93,0.8121,257,1040
01/05/22,ES - SDC Accounts,1107,1075,23,28,728,641,88,0.9395,93,382
01/06/22,ES - SDC Accounts,831,797,8,28,686,602,84,0.9434,103,447
01/07/22,ES - SDC Accounts,925,906,10,18,676,591,85,0.9643,92,446
01/10/22,ES - SDC Accounts,1318,1297,7,17,664,579,84,0.9795,37,514
01/11/22,ES - SDC Accounts,1126,1114,2,10,671,584,87,0.9902,31,150
01/12/22,ES - SDC Accounts,1019,988,21,28,740,649,91,0.945,128,1020
01/13/22,ES - SDC Accounts,1014,1000,6,17,673,586,87,0.9832,37,242
01/14/22,ES - SDC Accounts,976,965,0,10,689,600,90,0.9887,,147
01/17/22,ES - SDC Accounts,867,859,1,9,668,581,87,0.9908,15,118
01/18/22,ES - SDC Accounts,1314,1301,2,12,710,632,78,0.9886,27,337
01/19/22,ES - SDC Accounts,1218,1190,14,30,700,626,74,0.9491,85,523
01/20/22,ES - SDC Accounts,958,931,4,21,688,612,77,0.977,138,447
01/21/22,ES - SDC Accounts,1089,1068,12,21,714,639,75,0.9596,63,339
01/24/22,ES - SDC Accounts,1239,1187,39,53,741,666,74,0.8805,88,438
01/25/22,ES - SDC Accounts,1301,1260,27,29,724,645,79,0.9347,98,311
01/26/22,ES - SDC Accounts,1055,1019,19,46,715,639,75,0.8938,128,555
01/27/22,ES - SDC Accounts,1056,1032,17,26,686,604,82,0.9593,82,325
01/28/22,ES - SDC Accounts,970,950,12,20,680,601,79,0.9619,61,428
01/31/22,ES - SDC Accounts,1261,1233,16,22,725,646,79,0.9659,60,369
02/01/22,ES - SDC Accounts,1251,1223,13,21,729,646,83,0.9528,71,252
02/02/22,ES - SDC Accounts,1038,1023,4,18,709,626,83,0.9827,74,268
02/03/22,ES - SDC Accounts,880,842,21,39,727,641,86,0.9273,100,407
02/04/22,ES - SDC Accounts,1166,1148,7,20,655,576,79,0.9743,48,212
02/07/22,ES - SDC Accounts,1136,1074,45,77,688,600,88,0.793,194,801
02/08/22,ES - SDC Accounts,1054,1038,9,25,712,631,82,0.9583,75,343
02/09/22,ES - SDC Accounts,1036,1015,12,23,712,618,94,0.9604,62,320
02/10/22,ES - SDC Accounts,887,855,24,41,756,672,84,0.8985,102,536
02/11/22,ES - SDC Accounts,769,745,18,52,701,616,85,0.8648,149,633
02/14/22,ES - SDC Accounts,965,947,10,30,699,612,87,0.9368,162,481
02/15/22,ES - SDC Accounts,1182,1162,10,17,690,605,85,0.9822,31,197
02/16/22,ES - SDC Accounts,1119,1102,5,18,632,543,89,0.9848,50,178
02/17/22,ES - SDC Accounts,1150,1130,6,10,679,595,84,0.9826,40,161
02/18/22,ES - SDC Accounts,935,925,6,14,683,599,84,0.9829,55,222
02/21/22,ES - SDC Accounts,1013,992,6,12,658,574,84,0.9793,25,179
02/22/22,ES - SDC Accounts,1168,1143,16,33,689,601,88,0.9341,173,637
02/23/22,ES - SDC Accounts,1118,1095,15,20,661,576,85,0.9696,33,214
02/24/22,ES - SDC Accounts,1006,991,3,12,655,569,86,0.9851,28,179
02/25/22,ES - SDC Accounts,929,918,4,20,660,565,95,0.9731,49,249
02/28/22,ES - SDC Accounts,1307,1279,13,20,670,585,85,0.9625,68,317
03/01/22,ES - SDC Accounts,1146,1121,17,22,711,621,89,0.959,81,396
03/02/22,ES - SDC Accounts,1218,1200,6,12,688,596,92,0.9836,24,202
03/03/22,ES - SDC Accounts,1207,1188,4,14,680,590,90,0.9818,31,226
03/04/22,ES - SDC Accounts,1054,1043,4,12,645,551,94,0.9896,34,166
03/07/22,ES - SDC Accounts,1044,1013,23,51,692,599,93,0.8745,195,694
03/08/22,ES - SDC Accounts,1128,1095,17,42,735,639,96,0.9068,143,732
03/09/22,ES - SDC Accounts,1150,1134,5,14,711,616,95,0.9843,47,202
03/10/22,ES - SDC Accounts,942,909,24,56,734,642,92,0.8705,131,641
03/11/22,ES - SDC Accounts,861,843,10,33,703,616,87,0.9338,131,483
03/14/22,ES - SDC Accounts,1159,1149,3,17,682,590,93,0.9879,89,245
03/15/22,ES - SDC Accounts,1191,1167,15,30,692,596,96,0.9488,94,384
03/16/22,ES - SDC Accounts,1186,1140,35,55,701,611,89,0.8558,106,480
03/17/22,ES - SDC Accounts,1168,1080,74,108,710,619,90,0.7217,174,758
03/18/22,ES - SDC Accounts,972,904,55,85,743,631,112,0.7901,151,883
03/21/22,ES - SDC Accounts,1257,1154,87,128,772,647,126,0.711,148,899
03/22/22,ES - SDC Accounts,1406,1207,186,254,741,618,124,0.6038,426,1694
03/23/22,ES - SDC Accounts,1179,1130,39,68,694,580,114,0.8227,139,711
03/24/22,ES - SDC Accounts,1111,1099,3,13,730,614,117,0.9838,45,338
03/25/22,ES - SDC Accounts,1165,991,162,259,713,588,125,0.5914,435,1709
03/28/22,ES - SDC Accounts,1244,1185,43,55,766,647,119,0.8633,129,557
03/29/22,ES - SDC Accounts,1165,1108,49,73,762,654,107,0.8103,187,817
03/30/22,ES - SDC Accounts,1242,1183,47,59,744,634,110,0.8631,101,584
03/31/22,ES - SDC Accounts,854,812,13,36,743,637,106,0.9321,66,337
04/01/22,ES - SDC Accounts,1154,1138,10,32,682,587,95,0.9333,117,523
04/02/22,ES - SDC Accounts,1,,1,,,,,,349,349
04/04/22,ES - SDC Accounts,1059,994,54,83,695,597,98,0.7724,129,816
04/05/22,ES - SDC Accounts,1248,1228,10,24,727,628,99,0.9719,65,360
04/06/22,ES - SDC Accounts,1128,1108,12,28,715,615,100,0.9521,79,396
04/07/22,ES - SDC Accounts,1239,1219,13,34,734,619,116,0.9306,81,431
04/08/22,ES - SDC Accounts,1108,1084,13,22,711,607,104,0.9756,67,237
04/11/22,ES - SDC Accounts,1393,1296,85,105,728,632,96,0.7703,280,997
04/12/22,ES - SDC Accounts,1142,1106,29,43,772,663,108,0.8818,139,697
04/13/22,ES - SDC Accounts,1217,1199,9,17,774,659,115,0.9745,66,253
04/14/22,ES - SDC Accounts,1167,1149,5,12,768,650,117,0.9837,31,186
04/15/22,ES - SDC Accounts,954,938,7,11,739,633,106,0.9832,31,129
04/18/22,ES - SDC Accounts,1367,1354,2,14,783,668,115,0.9898,18,203
04/19/22,ES - SDC Accounts,1357,1342,4,11,753,642,111,0.9882,38,332
04/20/22,ES - SDC Accounts,1243,1235,4,9,709,605,104,0.9936,21,103
04/21/22,ES - SDC Accounts,1188,1175,2,10,707,601,105,0.9891,25,144
04/22/22,ES - SDC Accounts,983,975,1,9,716,614,101,0.9919,36,61
04/25/22,ES - SDC Accounts,1279,1252,21,25,746,642,104,0.9515,100,432
04/26/22,ES - SDC Accounts,1259,1238,11,12,719,618,101,0.9825,50,201
04/27/22,ES - SDC Accounts,1187,1173,2,12,701,600,101,0.9857,27,228
04/28/22,ES - SDC Accounts,1076,1070,1,10,723,622,100,0.9944,11,177
04/29/22,ES - SDC Accounts,1004,988,1,9,716,607,109,0.985,11,58
05/02/22,ES - SDC Accounts,1297,1269,17,33,723,613,109,0.9306,86,445
05/03/22,ES - SDC Accounts,1059,1014,26,52,698,598,99,0.865,182,711
05/04/22,ES - SDC Accounts,1165,1153,3,10,680,580,99,0.9897,51,139
05/05/22,ES - SDC Accounts,990,975,2,10,695,590,105,0.9919,67,82
05/06/22,ES - SDC Accounts,916,900,6,15,731,626,104,0.9705,54,350
05/09/22,ES - SDC Accounts,1056,1038,12,22,740,633,107,0.9725,59,267
05/10/22,ES - SDC Accounts,1010,991,15,33,734,632,102,0.9257,96,396
05/11/22,ES - SDC Accounts,1008,983,17,27,731,629,102,0.9425,76,442
05/12/22,ES - SDC Accounts,954,942,2,12,720,625,95,0.9874,32,135
05/13/22,ES - SDC Accounts,880,867,4,19,728,632,95,0.9716,28,300
05/16/22,ES - SDC Accounts,957,917,30,51,796,699,97,0.8777,133,566
05/17/22,ES - SDC Accounts,983,970,4,15,748,652,96,0.9858,37,222
05/18/22,ES - SDC Accounts,843,832,4,16,738,635,103,0.9846,266,887
05/19/22,ES - SDC Accounts,931,914,7,22,733,631,101,0.9731,60,288
05/20/22,ES - SDC Accounts,799,780,10,21,756,654,102,0.9637,61,306
05/23/22,ES - SDC Accounts,894,863,23,57,777,661,116,0.8826,89,553
05/24/22,ES - SDC Accounts,734,687,31,67,812,697,116,0.8147,120,676
05/25/22,ES - SDC Accounts,736,724,8,21,761,635,126,0.9783,28,278
05/26/22,ES - SDC Accounts,825,802,15,26,731,615,116,0.9612,68,269
05/27/22,ES - SDC Accounts,634,611,18,55,741,621,120,0.858,124,1075
05/30/22,ES - SDC Accounts,1,,1,,,,,,57,57
05/31/22,ES - SDC Accounts,771,729,32,83,780,654,126,0.7795,178,695
06/01/22,ES - SDC Accounts,857,830,18,49,742,645,97,0.8985,107,500
06/02/22,ES - SDC Accounts,804,780,13,33,783,682,102,0.9291,133,574
06/03/22,ES - SDC Accounts,791,767,13,25,757,663,94,0.9431,94,457
06/06/22,ES - SDC Accounts,1016,993,11,24,789,685,104,0.9577,59,391
06/07/22,ES - SDC Accounts,1004,983,7,18,781,677,104,0.9691,49,231
06/08/22,ES - SDC Accounts,951,936,4,12,757,649,108,0.9842,42,128
06/09/22,ES - SDC Accounts,914,900,5,12,715,617,98,0.9847,39,131
06/10/22,ES - SDC Accounts,809,796,4,10,689,592,97,0.9839,12,85
06/13/22,ES - SDC Accounts,999,966,20,39,734,640,95,0.9109,94,615
06/14/22,ES - SDC Accounts,976,959,4,16,694,600,95,0.9816,62,202
06/15/22,ES - SDC Accounts,976,961,4,14,679,583,96,0.9816,55,247
06/16/22,ES - SDC Accounts,1042,1024,7,14,646,552,94,0.9827,21,163
06/17/22,ES - SDC Accounts,833,821,4,13,653,568,85,0.9844,25,427
06/21/22,ES - SDC Accounts,1060,1001,49,92,765,671,94,0.7491,175,873
06/22/22,ES - SDC Accounts,986,972,4,20,786,693,93,0.9767,46,296
06/23/22,ES - SDC Accounts,934,922,4,13,762,649,113,0.9839,101,251
06/24/22,ES - SDC Accounts,787,783,1,11,708,623,85,0.9949,21,98
06/27/22,ES - SDC Accounts,1133,1113,9,16,777,677,100,0.9779,55,514
06/28/22,ES - SDC Accounts,1012,989,12,31,797,688,109,0.9368,146,471
06/29/22,ES - SDC Accounts,988,979,3,14,761,664,97,0.9909,29,153
06/30/22,ES - SDC Accounts,876,865,4,11,719,616,103,0.9874,37,89
07/01/22,ES - SDC Accounts,565,524,34,86,786,681,106,0.7363,158,625
07/05/22,ES - SDC Accounts,721,629,87,233,790,692,97,0.4619,255,1104
07/06/22,ES - SDC Accounts,709,662,43,78,745,636,109,0.7955,138,654
07/07/22,ES - SDC Accounts,718,607,101,231,823,714,109,0.4276,206,3956
07/08/22,ES - SDC Accounts,665,623,35,61,790,682,109,0.8647,132,1311
07/11/22,ES - SDC Accounts,1223,687,523,894,715,621,94,0.0204,427,1931
07/12/22,ES - SDC Accounts,959,657,295,649,746,655,91,0.0626,351,3062
07/13/22,ES - SDC Accounts,922,613,301,603,866,752,114,0.0998,401,1975
07/14/22,ES - SDC Accounts,882,667,206,490,804,676,128,0.2327,357,1480
07/15/22,ES - SDC Accounts,648,576,66,235,790,673,117,0.4645,212,983
07/18/22,ES - SDC Accounts,815,669,139,383,792,695,97,0.3374,306,1585
07/19/22,ES - SDC Accounts,754,620,121,328,804,683,121,0.3024,271,1532
07/20/22,ES - SDC Accounts,660,606,47,131,831,716,115,0.6803,219,1906
07/21/22,ES - SDC Accounts,698,575,115,329,794,686,107,0.3324,311,3310
07/22/22,ES - SDC Accounts,726,565,154,392,799,703,95,0.3196,355,3374
07/25/22,ES - SDC Accounts,739,682,52,121,762,657,105,0.6685,177,780
07/26/22,ES - SDC Accounts,692,574,112,282,838,713,125,0.3386,335,5607
07/27/22,ES - SDC Accounts,715,643,66,162,806,681,125,0.5804,185,927
07/28/22,ES - SDC Accounts,736,585,139,188,781,638,143,0.4565,336,1219
07/29/22,ES - SDC Accounts,697,581,113,299,791,645,146,0.4333,305,2052
08/01/22,ES - SDC Accounts,772,543,218,626,885,777,108,0.0868,391,1712
08/02/22,ES - SDC Accounts,693,565,118,267,815,706,109,0.316,185,1201
08/03/22,ES - SDC Accounts,640,569,67,168,742,638,104,0.5625,194,1321
08/04/22,ES - SDC Accounts,599,544,52,123,803,693,110,0.6895,278,2018
08/05/22,ES - SDC Accounts,673,606,61,140,908,754,154,0.6107,161,1407
08/08/22,ES - SDC Accounts,894,758,128,242,900,764,136,0.4329,321,2475
08/09/22,ES - SDC Accounts,752,692,52,100,804,655,149,0.7274,160,692
08/10/22,ES - SDC Accounts,866,762,94,156,844,699,145,0.6259,297,2064
08/11/22,ES - SDC Accounts,791,730,56,134,817,688,130,0.6397,319,6110
08/12/22,ES - SDC Accounts,705,655,41,98,763,631,132,0.7801,228,1063
08/15/22,ES - SDC Accounts,857,719,125,255,800,678,122,0.4796,279,1131
08/16/22,ES - SDC Accounts,898,821,67,133,780,668,112,0.6403,153,1041
08/17/22,ES - SDC Accounts,828,743,73,155,772,661,110,0.5676,163,2452
08/18/22,ES - SDC Accounts,747,699,34,84,798,672,126,0.7684,224,1353
08/19/22,ES - SDC Accounts,710,686,21,64,722,617,105,0.8535,267,3356
08/22/22,ES - SDC Accounts,963,909,49,112,748,638,110,0.7082,188,788
08/23/22,ES - SDC Accounts,806,759,39,84,722,612,110,0.7978,204,795
08/24/22,ES - SDC Accounts,860,836,15,33,688,577,111,0.9395,62,485
08/25/22,ES - SDC Accounts,871,838,24,60,695,590,106,0.8462,113,599
08/26/22,ES - SDC Accounts,664,604,52,97,687,594,93,0.7139,150,850
08/29/22,ES - SDC Accounts,864,818,35,67,717,608,110,0.8426,172,3307
08/30/22,ES - SDC Accounts,894,877,12,33,695,586,108,0.9463,169,480
08/31/22,ES - SDC Accounts,782,770,10,26,657,548,109,0.9655,65,474
09/01/22,ES - SDC Accounts,838,813,22,32,687,580,108,0.9368,94,458
09/02/22,ES - SDC Accounts,674,648,21,60,664,566,98,0.8605,115,1362
09/06/22,ES - SDC Accounts,915,819,92,187,719,625,95,0.5301,203,1071
09/07/22,ES - SDC Accounts,918,844,64,112,691,588,103,0.6601,135,521
09/08/22,ES - SDC Accounts,829,808,12,26,668,575,93,0.9614,54,325
09/09/22,ES - SDC Accounts,796,784,4,21,641,540,101,0.9837,72,274
09/12/22,ES - SDC Accounts,870,815,49,82,685,581,104,0.7977,148,1033
09/13/22,ES - SDC Accounts,924,838,74,132,714,608,106,0.6742,213,775
09/14/22,ES - SDC Accounts,839,779,54,112,672,567,104,0.6651,192,2964
09/15/22,ES - SDC Accounts,784,722,58,128,672,564,108,0.7462,235,1033
09/16/22,ES - SDC Accounts,730,677,44,97,643,538,105,0.8767,1023,4368
09/19/22,ES - SDC Accounts,954,928,20,33,649,555,93,0.935,57,411
09/20/22,ES - SDC Accounts,867,836,23,50,673,573,100,0.8973,86,702
09/21/22,ES - SDC Accounts,752,727,16,40,665,561,104,0.9348,80,450
09/22/22,ES - SDC Accounts,759,737,15,26,704,590,114,0.9578,472,2323
09/23/22,ES - SDC Accounts,706,698,3,18,758,625,133,0.9844,127,677
09/26/22,ES - SDC Accounts,921,902,6,23,805,663,142,0.9729,97,2487
09/27/22,ES - SDC Accounts,867,855,4,17,790,647,143,0.9827,339,628
09/28/22,ES - SDC Accounts,884,870,6,23,735,612,123,0.974,69,790
09/29/22,ES - SDC Accounts,775,760,8,22,751,615,136,0.9639,223,1223
09/30/22,ES - SDC Accounts,885,850,27,58,653,531,123,0.8339,191,2027
10/03/22,ES - SDC Accounts,1136,1107,14,38,735,604,131,0.9296,665,4637
10/04/22,ES - SDC Accounts,967,894,62,90,772,633,138,0.7764,219,1240
10/05/22,ES - SDC Accounts,925,898,17,32,764,619,145,0.9502,57,621
10/06/22,ES - SDC Accounts,838,748,80,137,786,644,142,0.6444,179,1238
10/07/22,ES - SDC Accounts,788,770,10,39,768,635,133,0.9416,75,552
10/10/22,ES - SDC Accounts,909,890,7,22,712,609,103,0.9725,302,1453
10/11/22,ES - SDC Accounts,956,884,65,116,780,643,137,0.7082,351,3378
10/12/22,ES - SDC Accounts,780,752,21,49,790,652,138,0.9,139,957
10/13/22,ES - SDC Accounts,831,767,58,97,781,649,131,0.7702,272,3938
10/14/22,ES - SDC Accounts,657,609,44,86,767,628,140,0.8082,426,1711
10/17/22,ES - SDC Accounts,815,765,42,68,809,670,139,0.8528,345,3692
10/18/22,ES - SDC Accounts,731,705,22,65,839,677,162,0.87,478,4699
10/19/22,ES - SDC Accounts,756,733,17,42,802,650,153,0.9246,150,846
10/20/22,ES - SDC Accounts,645,608,32,60,753,631,122,0.8465,175,1178
10/21/22,ES - SDC Accounts,612,595,10,30,733,625,108,0.951,319,2584
10/24/22,ES - SDC Accounts,791,749,28,65,801,688,113,0.8243,107,502
10/25/22,ES - SDC Accounts,799,787,2,22,837,699,138,0.9712,48,649
10/26/22,ES - SDC Accounts,903,891,3,15,789,666,124,0.9845,202,564
10/27/22,ES - SDC Accounts,816,806,1,13,825,701,123,0.9877,10,70
10/28/22,ES - SDC Accounts,777,762,4,16,806,678,128,0.9794,58,350
10/31/22,ES - SDC Accounts,924,908,4,15,809,691,118,0.9827,35,168
11/01/22,ES - SDC Accounts,1132,1112,6,18,794,670,124,0.9806,79,247
11/02/22,ES - SDC Accounts,882,869,4,17,780,657,122,0.9807,29,198
11/03/22,ES - SDC Accounts,891,877,3,17,751,646,105,0.982,15,368
11/04/22,ES - SDC Accounts,741,728,4,16,669,577,92,0.9825,30,153
11/07/22,ES - SDC Accounts,1055,1039,5,17,706,606,100,0.982,51,336
11/08/22,ES - SDC Accounts,851,842,2,17,733,622,111,0.9882,18,191
11/09/22,ES - SDC Accounts,845,831,8,17,744,629,115,0.9822,44,212
11/10/22,ES - SDC Accounts,880,862,7,17,700,590,110,0.9795,16,159
11/11/22,ES - SDC Accounts,663,650,5,19,776,661,115,0.9774,12,214
11/14/22,ES - SDC Accounts,1080,1063,9,16,725,618,107,0.9815,28,280
11/15/22,ES - SDC Accounts,535,530,2,14,718,627,91,0.9907,25,65
11/16/22,ES - SDC Accounts,542,530,5,20,691,607,85,0.9631,296,671
11/17/22,ES - SDC Accounts,516,508,0,16,710,624,86,0.9826,,1101
11/18/22,ES - SDC Accounts,465,458,1,21,716,633,83,0.9806,15,1993
11/21/22,ES - SDC Accounts,653,645,3,17,670,591,79,0.9755,45,286
11/22/22,ES - SDC Accounts,532,527,1,19,712,623,89,0.9793,76,257
11/23/22,ES - SDC Accounts,410,404,0,14,680,596,84,0.9878,,43
11/25/22,ES - SDC Accounts,250,248,0,14,702,637,65,0.992,,60
11/28/22,ES - SDC Accounts,721,688,24,61,726,638,88,0.8472,223,911
11/29/22,ES - SDC Accounts,657,646,3,14,670,584,86,0.9833,79,200
11/30/22,ES - SDC Accounts,872,851,12,38,736,622,114,0.9255,102,350
12/01/22,ES - SDC Accounts,1019,994,13,26,674,568,106,0.9539,35,404
12/02/22,ES - SDC Accounts,900,873,16,27,692,590,101,0.9611,46,234
12/05/22,ES - SDC Accounts,1211,1160,37,73,716,606,110,0.8439,200,885
12/06/22,ES - SDC Accounts,1189,1167,9,20,664,553,112,0.9781,62,272
12/07/22,ES - SDC Accounts,1069,1036,20,36,674,558,116,0.9308,111,438
12/08/22,ES - SDC Accounts,1086,1060,14,25,695,580,114,0.9558,76,488
12/09/22,ES - SDC Accounts,884,858,17,32,709,595,114,0.9333,65,388
12/12/22,ES - SDC Accounts,1015,972,23,41,746,620,126,0.9133,107,752
12/13/22,ES - SDC Accounts,1013,982,17,33,710,598,112,0.9487,53,392
12/14/22,ES - SDC Accounts,1007,982,17,28,708,584,124,0.9563,59,282
12/15/22,ES - SDC Accounts,1053,1032,7,25,700,591,109,0.9677,40,280
12/16/22,ES - SDC Accounts,1046,1023,6,22,726,602,125,0.9713,119,351
12/19/22,ES - SDC Accounts,1274,1244,16,28,719,595,124,0.9537,87,340
12/20/22,ES - SDC Accounts,1118,1096,10,22,703,568,135,0.9687,76,722
12/21/22,ES - SDC Accounts,1080,1061,6,19,691,565,126,0.9815,138,624
12/22/22,ES - SDC Accounts,891,874,3,18,688,562,126,0.9764,16,295
12/23/22,ES - SDC Accounts,599,587,2,17,674,552,122,0.98,11,134
12/27/22,ES - SDC Accounts,983,973,3,20,716,590,126,0.9868,272,583
12/28/22,ES - SDC Accounts,863,855,3,15,682,577,105,0.9907,15,86
12/29/22,ES - SDC Accounts,799,789,1,16,658,546,112,0.9862,10,204
12/30/22,ES - SDC Accounts,642,625,5,16,645,537,108,0.9735,207,900
12/31/22,ES - SDC Accounts,1,,1,,,,,,261,261
01/02/23,ES - SDC Accounts,3,,3,,,,,,1276,2578
01/03/23,ES - SDC Accounts,1231,1188,24,31,689,570,119,0.935,101,426
01/04/23,ES - SDC Accounts,1132,1112,10,20,650,545,106,0.977,71,346
01/05/23,ES - SDC Accounts,1122,1098,8,19,656,547,109,0.9777,55,223
01/06/23,ES - SDC Accounts,1012,988,7,18,649,538,111,0.9743,16,254
01/08/23,ES - SDC Accounts,1,,1,,,,,,504,504
01/09/23,ES - SDC Accounts,1230,1203,8,18,637,538,99,0.9756,87,344
01/10/23,ES - SDC Accounts,1158,1140,6,21,653,548,104,0.9732,22,251
01/11/23,ES - SDC Accounts,1024,1006,8,21,644,543,101,0.9746,32,273
01/12/23,ES - SDC Accounts,965,942,6,20,664,565,98,0.9699,49,455
01/13/23,ES - SDC Accounts,857,841,7,19,628,519,109,0.9755,35,384
01/14/23,ES - SDC Accounts,1,,1,,,,,,35,35
01/16/23,ES - SDC Accounts,839,819,7,17,685,603,82,0.9726,21,229
01/17/23,ES - SDC Accounts,1081,1057,6,21,667,570,96,0.9722,42,409
01/18/23,ES - SDC Accounts,1060,1044,7,18,665,568,97,0.983,125,541
01/19/23,ES - SDC Accounts,1014,997,6,18,658,567,91,0.9803,37,273
01/20/23,ES - SDC Accounts,962,939,17,33,625,542,83,0.9418,149,738
01/23/23,ES - SDC Accounts,883,827,48,98,550,453,97,0.8052,268,2864
01/24/23,ES - SDC Accounts,1207,1149,50,85,646,553,93,0.7993,134,741
01/25/23,ES - SDC Accounts,1098,1086,4,26,659,564,95,0.9763,35,429
01/26/23,ES - SDC Accounts,1170,1136,21,34,573,481,92,0.9342,119,663
01/27/23,ES - SDC Accounts,916,898,15,33,674,571,103,0.9487,59,547
01/30/23,ES - SDC Accounts,1178,1131,33,45,696,591,104,0.916,72,391
01/31/23,ES - SDC Accounts,1021,1002,12,29,673,574,99,0.9638,107,286
02/01/23,ES - SDC Accounts,1087,1056,11,31,665,575,90,0.9522,49,370
02/02/23,ES - SDC Accounts,1074,1047,16,27,686,587,99,0.9655,47,292
02/03/23,ES - SDC Accounts,1043,1011,24,42,668,569,99,0.9156,68,433
02/05/23,ES - SDC Accounts,1,,1,,,,,,470,470
02/06/23,ES - SDC Accounts,1198,1141,47,62,694,592,102,0.8523,163,3144
02/07/23,ES - SDC Accounts,1119,1096,14,30,658,559,99,0.9544,106,386
02/08/23,ES - SDC Accounts,1031,1015,12,25,630,536,94,0.9787,35,743
02/09/23,ES - SDC Accounts,1015,980,21,34,627,537,90,0.9261,106,509
02/10/23,ES - SDC Accounts,938,916,8,30,673,563,111,0.9659,40,270
02/13/23,ES - SDC Accounts,1050,1009,25,35,682,591,91,0.9362,111,747
02/14/23,ES - SDC Accounts,1027,1004,12,29,643,558,85,0.9611,70,358
02/15/23,ES - SDC Accounts,989,939,31,51,671,591,80,0.8797,131,586
02/16/23,ES - SDC Accounts,1090,1001,73,128,792,702,89,0.6896,156,1601
02/17/23,ES - SDC Accounts,974,928,38,81,777,672,105,0.8224,98,589
02/18/23,ES - SDC Accounts,1,,1,,,,,,647,647
02/20/23,ES - SDC Accounts,963,943,11,29,620,540,80,0.9481,55,470
02/21/23,ES - SDC Accounts,1086,1028,40,49,643,561,83,0.8812,127,480
02/22/23,ES - SDC Accounts,1077,1050,14,25,633,546,87,0.9619,51,391
02/23/23,ES - SDC Accounts,987,933,31,63,674,585,90,0.8561,155,776
02/24/23,ES - SDC Accounts,918,890,19,53,673,590,83,0.8791,145,585
02/27/23,ES - SDC Accounts,1231,1126,95,140,640,556,84,0.6182,181,818
02/28/23,ES - SDC Accounts,996,968,17,35,660,591,68,0.9498,74,702
03/01/23,ES - SDC Accounts,1001,943,49,89,683,616,67,0.8132,181,954
03/02/23,ES - SDC Accounts,988,927,38,69,662,594,67,0.8219,149,725
03/03/23,ES - SDC Accounts,910,881,20,36,594,527,67,0.9429,80,433
03/06/23,ES - SDC Accounts,1227,1200,13,26,648,579,69,0.9641,75,694
03/07/23,ES - SDC Accounts,1040,1022,11,26,674,602,72,0.976,49,264
03/08/23,ES - SDC Accounts,979,963,8,24,654,579,75,0.9734,46,1170
03/09/23,ES - SDC Accounts,981,956,9,22,682,612,70,0.9694,36,246
03/10/23,ES - SDC Accounts,923,902,11,24,676,601,75,0.9718,108,383
03/13/23,ES - SDC Accounts,1115,1088,12,24,649,579,70,0.9686,46,293
03/14/23,ES - SDC Accounts,1024,993,13,26,682,610,71,0.96,62,408
03/15/23,ES - SDC Accounts,993,959,15,35,685,616,69,0.9355,77,680
03/16/23,ES - SDC Accounts,944,916,10,23,653,584,69,0.9513,79,339
03/17/23,ES - SDC Accounts,857,839,9,25,630,568,62,0.9638,97,567
03/20/23,ES - SDC Accounts,1287,1097,173,65,670,595,76,0.7698,172,691
03/21/23,ES - SDC Accounts,1109,1085,14,24,660,586,75,0.9739,37,311
03/22/23,ES - SDC Accounts,950,925,8,18,662,591,71,0.9726,17,257
03/23/23,ES - SDC Accounts,877,858,4,24,690,616,74,0.9681,18,359
03/24/23,ES - SDC Accounts,818,805,5,23,612,539,73,0.9731,135,669
03/27/23,ES - SDC Accounts,988,948,26,57,711,631,80,0.8957,193,721
03/28/23,ES - SDC Accounts,895,878,9,21,617,547,70,0.9709,24,290
03/29/23,ES - SDC Accounts,884,869,4,21,635,565,70,0.9751,13,306
03/30/23,ES - SDC Accounts,825,811,7,22,615,545,70,0.9733,27,652
03/31/23,ES - SDC Accounts,707,688,7,25,613,540,73,0.9661,32,202
04/03/23,ES - SDC Accounts,984,961,9,27,668,588,80,0.9624,47,314
04/04/23,ES - SDC Accounts,969,948,6,28,664,587,77,0.9546,65,427
04/05/23,ES - SDC Accounts,820,805,6,21,652,587,65,0.978,45,265
04/06/23,ES - SDC Accounts,909,890,5,20,613,543,70,0.9747,80,308
04/07/23,ES - SDC Accounts,735,724,4,19,600,530,70,0.985,19,132
04/10/23,ES - SDC Accounts,1042,1026,5,20,660,587,73,0.9837,32,283
04/11/23,ES - SDC Accounts,1010,984,14,24,652,566,86,0.9703,53,225
04/12/23,ES - SDC Accounts,863,848,10,23,659,571,87,0.9768,48,334
04/13/23,ES - SDC Accounts,636,611,7,18,650,580,70,0.9764,16,138
04/14/23,ES - SDC Accounts,820,811,1,18,615,540,75,0.9878,34,183
04/17/23,ES - SDC Accounts,1088,1061,12,21,571,485,86,0.9706,35,443
04/18/23,ES - SDC Accounts,1056,1037,7,19,689,617,73,0.9773,47,298
04/19/23,ES - SDC Accounts,881,869,6,20,660,588,72,0.9818,35,460
04/20/23,ES - SDC Accounts,831,814,8,18,667,595,72,0.9771,29,233
04/21/23,ES - SDC Accounts,740,731,1,16,657,580,77,0.9878,10,139
04/24/23,ES - SDC Accounts,905,881,9,19,643,571,72,0.9724,28,187
04/25/23,ES - SDC Accounts,811,791,9,18,655,583,73,0.9753,23,116
04/26/23,ES - SDC Accounts,809,789,5,16,625,557,68,0.9753,25,76
04/27/23,ES - SDC Accounts,821,800,16,31,628,544,84,0.9354,140,438
04/28/23,ES - SDC Accounts,760,719,24,51,642,561,81,0.9079,380,1018
05/01/23,ES - SDC Accounts,964,941,6,22,645,562,83,0.9678,65,360
05/02/23,ES - SDC Accounts,934,915,12,19,657,582,75,0.9775,40,245
05/03/23,ES - SDC Accounts,809,795,3,18,652,576,76,0.9778,26,298
05/04/23,ES - SDC Accounts,818,807,6,23,652,572,80,0.9756,18,380
05/05/23,ES - SDC Accounts,727,711,4,22,674,603,71,0.9656,391,1003
05/08/23,ES - SDC Accounts,922,906,2,19,668,600,68,0.9783,37,361
05/09/23,ES - SDC Accounts,779,772,1,20,665,595,70,0.9872,48,473
05/10/23,ES - SDC Accounts,719,693,10,26,660,584,76,0.9471,46,410
05/11/23,ES - SDC Accounts,744,718,16,27,655,571,84,0.9382,87,284
05/12/23,ES - SDC Accounts,628,614,4,23,613,542,71,0.9634,40,357
05/15/23,ES - SDC Accounts,822,811,4,20,617,555,62,0.9781,31,580
05/16/23,ES - SDC Accounts,784,764,6,29,616,526,90,0.9477,130,498
05/17/23,ES - SDC Accounts,739,722,2,21,585,515,70,0.9729,24,211
05/18/23,ES - SDC Accounts,652,641,6,22,592,524,69,0.9785,80,246
05/19/23,ES - SDC Accounts,644,627,11,25,640,570,69,0.9612,59,352
05/22/23,ES - SDC Accounts,775,761,10,25,597,531,66,0.9729,54,588
05/23/23,ES - SDC Accounts,732,717,12,23,683,613,71,0.9672,56,248
05/24/23,ES - SDC Accounts,700,678,13,28,616,543,73,0.9543,62,369
05/25/23,ES - SDC Accounts,596,582,8,24,613,540,73,0.9614,89,393
05/26/23,ES - SDC Accounts,537,526,5,23,638,571,67,0.9683,21,362
05/29/23,ES - SDC Accounts,129,119,1,20,737,685,52,0.9147,11,285
05/30/23,ES - SDC Accounts,639,618,13,40,685,617,67,0.9327,84,484
05/31/23,ES - SDC Accounts,618,595,9,25,624,556,68,0.953,63,341
06/01/23,ES - SDC Accounts,644,622,13,40,702,627,75,0.9286,83,686
06/02/23,ES - SDC Accounts,575,560,9,31,627,562,65,0.9565,117,767
06/05/23,ES - SDC Accounts,862,835,19,29,707,627,81,0.9489,115,1114
06/06/23,ES - SDC Accounts,738,728,5,32,734,650,84,0.9553,396,1549
06/07/23,ES - SDC Accounts,742,729,5,23,714,624,89,0.9757,115,386
06/08/23,ES - SDC Accounts,708,692,7,25,659,586,73,0.9605,242,875
06/09/23,ES - SDC Accounts,618,611,3,24,639,559,80,0.9741,354,749
06/12/23,ES - SDC Accounts,845,824,11,19,667,598,69,0.9751,32,178
06/13/23,ES - SDC Accounts,789,773,4,18,633,566,68,0.981,45,162
06/14/23,ES - SDC Accounts,718,709,3,19,681,612,70,0.9875,46,177
06/15/23,ES - SDC Accounts,740,726,6,18,666,589,77,0.9784,32,236
06/16/23,ES - SDC Accounts,648,641,4,23,665,587,77,0.9722,26,567
06/19/23,ES - SDC Accounts,688,674,10,30,630,563,67,0.9375,91,472
06/20/23,ES - SDC Accounts,776,765,9,19,662,588,74,0.9858,73,199
06/21/23,ES - SDC Accounts,721,697,11,20,660,577,83,0.9626,70,242
06/22/23,ES - SDC Accounts,716,704,6,23,662,577,85,0.9749,226,1208
06/23/23,ES - SDC Accounts,661,647,5,22,700,615,85,0.9728,29,240
06/26/23,ES - SDC Accounts,734,712,17,45,662,573,90,0.9114,100,537
06/27/23,ES - SDC Accounts,793,778,10,34,673,588,85,0.9483,102,441
06/28/23,ES - SDC Accounts,712,702,4,23,670,590,79,0.9719,52,279
06/29/23,ES - SDC Accounts,822,809,1,21,616,522,94,0.9793,11,270
06/30/23,ES - SDC Accounts,587,581,2,21,661,573,88,0.983,18,307
07/03/23,ES - SDC Accounts,655,644,3,20,655,585,70,0.9802,45,261
07/04/23,ES - SDC Accounts,136,131,1,18,676,616,60,0.9632,25,74
07/05/23,ES - SDC Accounts,724,698,23,57,698,607,91,0.8785,131,937
07/06/23,ES - SDC Accounts,730,707,16,35,677,577,100,0.9342,66,526
07/07/23,ES - SDC Accounts,582,554,21,79,675,575,100,0.8282,138,1098
07/10/23,ES - SDC Accounts,1171,962,195,324,695,600,95,0.4014,343,1853
07/11/23,ES - SDC Accounts,920,888,24,58,647,550,97,0.8836,122,647
07/12/23,ES - SDC Accounts,651,591,50,157,663,561,102,0.682,235,1345
07/13/23,ES - SDC Accounts,696,484,204,695,840,723,117,0.0977,472,2205
07/14/23,ES - SDC Accounts,573,524,47,132,713,587,126,0.6475,205,812
07/17/23,ES - SDC Accounts,1001,531,455,1068,773,675,99,0.035,627,7964
07/18/23,ES - SDC Accounts,887,490,385,1046,881,763,118,0.0869,677,3539
07/19/23,ES - SDC Accounts,927,632,288,490,770,671,99,0.1683,335,1740
07/20/23,ES - SDC Accounts,921,620,286,479,815,712,104,0.2226,392,2464
07/21/23,ES - SDC Accounts,804,605,185,365,764,669,96,0.2823,232,1339
07/24/23,ES - SDC Accounts,945,728,199,545,722,639,83,0.1206,388,1602
07/25/23,ES - SDC Accounts,780,739,25,97,679,603,76,0.8038,143,1131
07/26/23,ES - SDC Accounts,1055,962,80,114,736,649,87,0.7953,306,1552
07/27/23,ES - SDC Accounts,900,863,29,44,748,662,86,0.8967,114,486
07/28/23,ES - SDC Accounts,829,814,8,23,711,630,81,0.9698,53,314
07/29/23,ES - SDC Accounts,1,,1,,,,,,293,293
07/31/23,ES - SDC Accounts,816,762,49,108,776,672,104,0.7108,121,880
08/01/23,ES - SDC Accounts,928,915,4,28,720,637,83,0.9752,37,390
08/02/23,ES - SDC Accounts,838,826,7,29,717,632,86,0.9702,51,405
08/03/23,ES - SDC Accounts,812,794,12,22,716,632,84,0.9754,173,852
08/04/23,ES - SDC Accounts,628,594,29,65,785,695,90,0.8424,227,713
08/07/23,ES - SDC Accounts,751,733,13,36,749,670,79,0.9601,103,431
08/08/23,ES - SDC Accounts,824,801,12,29,789,708,81,0.96,99,398
08/09/23,ES - SDC Accounts,816,801,12,23,701,613,88,0.9706,49,314
08/10/23,ES - SDC Accounts,737,729,4,28,740,665,75,0.9783,50,372
08/11/23,ES - SDC Accounts,646,633,7,24,714,634,80,0.9675,87,411
08/14/23,ES - SDC Accounts,828,807,12,34,744,664,80,0.942,87,640
08/15/23,ES - SDC Accounts,810,771,27,65,759,681,78,0.837,147,650
08/16/23,ES - SDC Accounts,838,814,19,77,755,681,74,0.8079,111,535
08/17/23,ES - SDC Accounts,784,763,9,33,737,671,65,0.9337,52,371
08/18/23,ES - SDC Accounts,704,692,7,23,698,631,66,0.9744,72,499
08/21/23,ES - SDC Accounts,821,805,7,26,727,660,67,0.9695,47,302
08/22/23,ES - SDC Accounts,868,847,14,30,715,650,65,0.9435,75,439
08/23/23,ES - SDC Accounts,833,774,37,73,729,656,73,0.8043,119,506
08/25/23,ES - SDC Accounts,586,563,19,70,725,657,68,0.8788,199,1637
08/28/23,ES - SDC Accounts,752,712,27,83,725,652,72,0.8218,213,945
08/29/23,ES - SDC Accounts,892,720,153,297,785,691,94,0.3935,320,1135
08/30/23,ES - SDC Accounts,790,738,35,87,860,766,94,0.7785,228,694
08/31/23,ES - SDC Accounts,890,791,87,124,767,680,86,0.7225,335,968
09/01/23,ES - SDC Accounts,846,757,74,152,826,731,96,0.5898,220,1018
09/04/23,ES - SDC Accounts,227,174,50,265,772,706,66,0.4449,412,1535
09/05/23,ES - SDC Accounts,1862,914,930,1244,865,778,87,0.0274,615,2336
09/06/23,ES - SDC Accounts,1432,878,535,898,886,790,96,0.0433,521,2080
09/07/23,ES - SDC Accounts,1056,821,225,448,869,776,93,0.1752,320,1508
09/08/23,ES - SDC Accounts,880,754,117,203,824,724,100,0.5477,225,1132
09/11/23,ES - SDC Accounts,1040,913,121,212,861,759,102,0.4904,186,954
09/12/23,ES - SDC Accounts,958,932,13,59,823,724,99,0.8841,124,564
09/13/23,ES - SDC Accounts,914,814,93,157,871,768,103,0.5383,150,760
09/14/23,ES - SDC Accounts,701,684,10,36,806,714,92,0.9315,146,771
09/15/23,ES - SDC Accounts,660,640,7,29,791,704,88,0.9318,64,337
09/18/23,ES - SDC Accounts,840,808,25,59,826,733,94,0.8631,149,653
09/19/23,ES - SDC Accounts,793,782,5,21,754,661,93,0.9811,21,300
09/20/23,ES - SDC Accounts,732,720,3,23,803,702,101,0.9699,24,478
09/21/23,ES - SDC Accounts,614,592,10,29,806,698,108,0.9397,103,365
09/22/23,ES - SDC Accounts,538,528,3,23,739,639,100,0.9721,46,539
09/25/23,ES - SDC Accounts,668,641,21,58,767,667,101,0.8653,140,854
09/26/23,ES - SDC Accounts,869,771,84,106,730,617,113,0.7273,136,887
09/27/23,ES - SDC Accounts,696,635,54,108,794,684,110,0.7399,198,754
09/28/23,ES - SDC Accounts,608,587,10,38,786,675,111,0.9211,101,582
09/29/23,ES - SDC Accounts,530,515,8,37,806,691,115,0.9283,87,631
10/02/23,ES - SDC Accounts,674,645,11,36,762,662,100,0.9332,74,266
10/03/23,ES - SDC Accounts,650,613,24,92,791,681,109,0.7477,148,571
10/04/23,ES - SDC Accounts,625,609,9,28,753,646,107,0.9616,78,305
10/05/23,ES - SDC Accounts,620,602,12,37,737,617,120,0.9339,68,464
10/06/23,ES - SDC Accounts,544,518,23,74,804,694,110,0.8416,203,1041
10/09/23,ES - SDC Accounts,658,644,9,22,746,640,106,0.9757,62,321
10/10/23,ES - SDC Accounts,653,638,10,30,727,624,103,0.9495,58,719
10/11/23,ES - SDC Accounts,682,652,19,40,782,679,103,0.9032,123,446
10/12/23,ES - SDC Accounts,683,669,6,18,773,660,113,0.9736,47,383
10/13/23,ES - SDC Accounts,671,650,6,18,786,682,104,0.9613,42,347
10/16/23,ES - SDC Accounts,934,907,15,40,784,678,106,0.9122,88,790
10/17/23,ES - SDC Accounts,781,762,11,18,808,701,107,0.9706,76,362
10/18/23,Alorica - SDC Accounts,55,55,,11,1298,1259,40,1,,153
10/18/23,ES - SDC Accounts,685,672,4,23,817,703,114,0.962,71,358
10/19/23,Alorica - SDC Accounts,141,139,0,7,1381,1202,179,0.9858,,44
10/19/23,ES - SDC Accounts,571,559,2,17,765,663,102,0.9755,177,343
10/20/23,Alorica - SDC Accounts,82,79,3,10,1419,1277,141,0.9634,384,777
10/20/23,ES - SDC Accounts,578,567,4,30,800,700,100,0.9377,108,496
10/23/23,Alorica - SDC Accounts,150,149,1,7,1289,1161,128,0.9933,13,36
10/23/23,ES - SDC Accounts,643,634,3,19,788,683,105,0.9829,13,352
10/24/23,Alorica - SDC Accounts,143,142,0,16,1361,1193,168,0.979,,668
10/24/23,ES - SDC Accounts,560,546,5,31,792,681,111,0.9446,59,413
10/25/23,Alorica - SDC Accounts,124,123,0,7,1275,1119,156,0.9919,,81
10/25/23,ES - SDC Accounts,542,532,5,26,807,704,103,0.9576,67,287
10/26/23,Alorica - SDC Accounts,162,162,,6,1125,948,177,1,,20
10/26/23,ES - SDC Accounts,509,503,3,15,718,622,96,0.9862,13,252
10/27/23,Alorica - SDC Accounts,198,194,0,7,1059,904,155,0.9798,,123
10/27/23,ES - SDC Accounts,435,428,1,15,756,657,98,0.9839,774,774
10/30/23,Alorica - SDC Accounts,195,193,0,7,1122,925,196,0.9897,,58
10/30/23,ES - SDC Accounts,633,591,34,60,755,649,106,0.8513,190,623
10/31/23,Alorica - SDC Accounts,164,163,0,6,1106,924,182,0.9939,,22
10/31/23,ES - SDC Accounts,499,491,4,17,795,685,110,0.982,104,337
11/01/23,Alorica - SDC Accounts,265,263,0,6,1086,952,134,0.9925,,23
11/01/23,ES - SDC Accounts,558,528,18,35,794,689,105,0.9158,75,282
11/02/23,Alorica - SDC Accounts,260,257,1,7,869,792,78,0.9885,11,87
11/02/23,ES - SDC Accounts,497,486,3,17,773,661,112,0.9759,16,185
11/03/23,Alorica - SDC Accounts,233,231,0,6,866,795,70,0.9914,,20
11/03/23,ES - SDC Accounts,450,448,1,19,772,647,126,0.9911,53,222
11/06/23,Alorica - SDC Accounts,223,219,0,7,837,780,58,0.9776,,184
11/06/23,ES - SDC Accounts,670,621,22,32,812,695,117,0.8866,111,480
11/07/23,Alorica - SDC Accounts,104,103,0,6,852,823,29,0.9904,,15
11/07/23,ES - SDC Accounts,679,660,10,21,767,639,128,0.9676,25,234
11/08/23,Alorica - SDC Accounts,161,158,1,8,819,795,25,0.9814,175,175
11/08/23,ES - SDC Accounts,694,661,15,32,817,721,96,0.9135,82,458
11/09/23,Alorica - SDC Accounts,172,171,0,8,720,691,29,0.9884,,195
11/09/23,ES - SDC Accounts,571,566,1,14,842,746,96,0.993,20,164
11/10/23,Alorica - SDC Accounts,137,136,0,6,774,753,21,0.9927,,20
11/10/23,ES - SDC Accounts,459,454,2,17,881,767,114,0.9826,34,538
11/13/23,Alorica - SDC Accounts,135,134,1,7,919,856,63,0.9926,15,32
11/13/23,ES - SDC Accounts,827,819,2,15,864,765,99,0.9879,13,281
11/14/23,Alorica - SDC Accounts,199,196,0,7,960,929,32,0.9849,,34
11/14/23,ES - SDC Accounts,707,696,2,14,766,663,103,0.9844,17,176
11/15/23,Alorica - SDC Accounts,250,250,,6,922,880,43,1,,17
11/15/23,ES - SDC Accounts,575,558,4,14,761,660,101,0.9704,27,142
11/16/23,Alorica - SDC Accounts,307,307,,6,846,825,21,1,,85
11/16/23,ES - SDC Accounts,554,544,4,15,708,614,94,0.9801,23,187
11/17/23,Alorica - SDC Accounts,218,217,1,7,858,823,35,0.9954,19,52
11/17/23,ES - SDC Accounts,507,502,0,14,680,589,91,0.9901,,68
11/20/23,Alorica - SDC Accounts,318,318,,6,852,831,21,1,,31
11/20/23,ES - SDC Accounts,652,642,3,14,699,610,90,0.9847,19,155
11/21/23,Alorica - SDC Accounts,290,287,0,6,776,755,21,0.9897,,51
11/21/23,ES - SDC Accounts,472,465,2,14,744,651,93,0.9852,23,80
11/22/23,Alorica - SDC Accounts,234,229,0,7,793,772,21,0.9786,,63
11/22/23,ES - SDC Accounts,340,334,1,15,689,599,90,0.9824,11,88
11/23/23,Alorica - SDC Accounts,49,46,2,62,748,728,19,0.9184,171,2290
11/23/23,ES - SDC Accounts,2,,2,,,,,,241,265
11/24/23,Alorica - SDC Accounts,179,169,3,6,914,894,20,0.9441,593,1362
11/24/23,ES - SDC Accounts,162,156,1,15,652,570,82,0.963,13,64
11/27/23,Alorica - SDC Accounts,286,286,,6,830,813,16,1,,22
11/27/23,ES - SDC Accounts,695,680,5,16,737,650,87,0.9813,103,447
11/28/23,Alorica - SDC Accounts,285,284,0,6,837,816,21,0.9965,,35
11/28/23,ES - SDC Accounts,677,662,7,18,751,664,87,0.9734,56,383
11/29/23,Alorica - SDC Accounts,267,266,0,7,869,843,26,0.9963,,41
11/29/23,ES - SDC Accounts,564,536,22,57,756,672,84,0.8989,390,2140
11/30/23,Alorica - SDC Accounts,298,295,2,6,902,884,18,0.9899,23,51
11/30/23,ES - SDC Accounts,545,512,26,64,754,669,84,0.8771,329,1371
12/01/23,Alorica - SDC Accounts,251,247,1,7,766,748,18,0.9841,2888,2888
12/01/23,ES - SDC Accounts,520,501,17,55,726,643,82,0.9077,398,1655
12/04/23,Alorica - SDC Accounts,297,295,0,6,881,859,22,0.9933,,17
12/04/23,ES - SDC Accounts,862,775,79,100,731,637,94,0.8397,657,2499
12/05/23,Alorica - SDC Accounts,330,328,0,6,803,790,13,0.997,,116
12/05/23,ES - SDC Accounts,615,577,31,60,700,610,90,0.8911,404,2039
12/06/23,Alorica - SDC Accounts,340,339,0,6,773,762,12,0.9971,,50
12/06/23,ES - SDC Accounts,555,526,24,75,754,657,97,0.8739,366,1723
12/07/23,Alorica - SDC Accounts,326,325,0,8,722,711,11,0.9969,,177
12/07/23,ES - SDC Accounts,528,487,33,80,767,684,82,0.8653,597,2136
12/08/23,Alorica - SDC Accounts,386,382,1,7,734,725,9,0.9896,12,106
12/08/23,ES - SDC Accounts,342,334,3,16,701,622,78,0.9737,230,667
12/11/23,Alorica - SDC Accounts,355,355,,6,627,614,14,1,,79
12/11/23,ES - SDC Accounts,771,753,6,29,726,645,81,0.9339,91,500
12/12/23,Alorica - SDC Accounts,238,237,0,7,715,705,10,0.9958,,170
12/12/23,ES - SDC Accounts,746,666,67,165,757,661,96,0.6738,314,1687
12/13/23,Alorica - SDC Accounts,328,328,,6,677,655,22,1,,52
12/13/23,ES - SDC Accounts,546,521,21,41,685,595,90,0.9011,256,932
12/14/23,Alorica - SDC Accounts,344,343,1,6,726,642,83,0.9971,205,205
12/14/23,ES - SDC Accounts,534,502,25,50,691,608,82,0.8689,200,749
12/15/23,Alorica - SDC Accounts,362,357,0,6,790,726,64,0.9862,,27
12/15/23,ES - SDC Accounts,371,367,1,15,648,570,78,0.9892,651,651
12/18/23,Alorica - SDC Accounts,383,382,0,7,809,703,106,0.9974,,175
12/18/23,ES - SDC Accounts,690,674,4,22,694,607,87,0.9652,73,1121
12/19/23,Alorica - SDC Accounts,409,407,0,5,736,651,86,0.9951,,23
12/19/23,ES - SDC Accounts,461,452,3,18,689,595,95,0.9718,89,353
12/20/23,Alorica - SDC Accounts,432,428,0,7,852,757,95,0.9907,,84
12/20/23,ES - SDC Accounts,408,397,1,19,729,655,74,0.973,11,207
12/21/23,Alorica - SDC Accounts,420,416,0,7,776,695,80,0.9905,,53
12/21/23,ES - SDC Accounts,254,249,3,24,746,674,72,0.9567,156,559
12/22/23,Alorica - SDC Accounts,337,329,2,7,869,794,76,0.9792,144,264
12/22/23,ES - SDC Accounts,176,172,1,16,668,608,60,0.9773,15,57
12/25/23,Alorica - SDC Accounts,8,8,,13,823,772,51,1,,45
12/25/23,ES - SDC Accounts,6,2,4,181,439,268,171,0.1667,679,1887
12/26/23,Alorica - SDC Accounts,279,275,0,7,928,800,128,0.9892,,109
12/26/23,ES - SDC Accounts,192,188,2,19,671,603,67,0.9791,97,496
12/27/23,Alorica - SDC Accounts,472,467,1,7,892,789,103,0.9894,11,50
12/27/23,ES - SDC Accounts,180,173,0,19,624,559,65,0.9607,,578
12/28/23,Alorica - SDC Accounts,501,499,0,6,840,744,97,0.996,,61
12/28/23,ES - SDC Accounts,233,231,0,15,594,525,68,0.9914,,55
12/29/23,Alorica - SDC Accounts,430,428,0,7,868,742,126,0.9953,,50
12/29/23,ES - SDC Accounts,232,231,0,16,522,460,62,0.9957,,59
01/01/24,Alorica - SDC Accounts,136,128,5,24,614,513,101,0.8971,87,531
01/01/24,ES - SDC Accounts,3,,3,,,,,,2438,4611
01/02/24,Alorica - SDC Accounts,596,593,0,6,817,697,120,0.995,,43
01/02/24,ES - SDC Accounts,415,411,3,23,614,543,72,0.9783,17,260
01/03/24,Alorica - SDC Accounts,588,586,0,6,800,701,99,0.9966,,33
01/03/24,ES - SDC Accounts,367,363,2,14,641,569,72,0.9891,14,60
01/04/24,Alorica - SDC Accounts,611,604,0,6,828,716,112,0.9885,,36
01/04/24,ES - SDC Accounts,239,233,2,25,586,508,78,0.9498,119,537
01/05/24,Alorica - SDC Accounts,584,584,,6,831,704,126,1,,36
01/05/24,ES - SDC Accounts,238,237,0,16,573,503,71,0.9958,,68
01/08/24,Alorica - SDC Accounts,662,659,0,6,756,656,100,0.9955,,135
01/08/24,ES - SDC Accounts,291,282,3,15,594,514,80,0.9691,12,68
01/09/24,Alorica - SDC Accounts,623,619,0,6,729,623,106,0.9936,,30
01/09/24,ES - SDC Accounts,271,265,1,14,573,511,61,0.9779,28,59
01/10/24,Alorica - SDC Accounts,585,581,0,6,814,711,103,0.9932,,20
01/10/24,ES - SDC Accounts,238,235,1,15,642,562,81,0.9874,11,62
01/11/24,Alorica - SDC Accounts,617,614,0,7,752,646,106,0.9935,,350
01/11/24,ES - SDC Accounts,222,219,2,15,604,546,59,0.9865,16,123
01/12/24,Alorica - SDC Accounts,583,582,0,7,798,686,112,0.9983,,55
01/12/24,ES - SDC Accounts,175,174,0,15,550,485,66,0.9943,,61
01/15/24,Alorica - SDC Accounts,434,427,0,7,767,685,82,0.9839,,24
01/15/24,ES - SDC Accounts,179,172,4,14,546,487,59,0.9609,189,661
01/16/24,Alorica - SDC Accounts,540,536,0,6,792,709,83,0.9926,,51
01/16/24,ES - SDC Accounts,485,446,37,80,664,590,74,0.8099,245,685
01/17/24,Alorica - SDC Accounts,560,559,0,6,750,655,95,0.9982,,19
01/17/24,ES - SDC Accounts,422,414,3,19,572,495,77,0.9716,74,573
01/18/24,Alorica - SDC Accounts,515,509,0,6,769,665,103,0.9883,,51
01/18/24,ES - SDC Accounts,382,368,8,52,647,555,93,0.8927,205,1102
01/19/24,Alorica - SDC Accounts,531,528,0,6,767,662,104,0.9962,,45
01/19/24,ES - SDC Accounts,282,280,2,31,576,502,75,0.9574,263,476
01/22/24,Alorica - SDC Accounts,689,687,0,6,727,625,102,0.9971,,33
01/22/24,ES - SDC Accounts,460,456,1,19,615,540,74,0.9891,12,190
01/23/24,Alorica - SDC Accounts,744,743,0,6,733,617,117,0.9987,,110
01/23/24,ES - SDC Accounts,248,243,2,18,609,536,73,0.9597,16,261
01/24/24,Alorica - SDC Accounts,682,679,0,6,772,655,117,0.9956,,38
01/24/24,ES - SDC Accounts,232,231,0,14,588,515,73,0.9957,,172
01/25/24,Alorica - SDC Accounts,638,631,0,7,830,716,114,0.989,,110
01/25/24,ES - SDC Accounts,239,238,0,15,621,547,74,0.9916,,197
01/26/24,Alorica - SDC Accounts,533,527,0,7,748,646,101,0.9869,,211
01/26/24,ES - SDC Accounts,154,153,0,12,588,510,78,0.9935,,34
01/29/24,Alorica - SDC Accounts,628,626,0,8,769,668,101,0.9952,,449
01/29/24,ES - SDC Accounts,305,295,7,23,622,546,76,0.9474,189,628
01/30/24,Alorica - SDC Accounts,583,580,1,7,804,692,112,0.9949,180,180
01/30/24,ES - SDC Accounts,322,315,3,28,611,535,77,0.9533,87,703
01/31/24,Alorica - SDC Accounts,550,545,1,7,744,640,104,0.9909,3046,3046
01/31/24,ES - SDC Accounts,251,242,4,41,685,594,91,0.9163,153,1326
02/01/24,Alorica - SDC Accounts,624,617,0,6,785,685,99,0.9888,,21
02/01/24,ES - SDC Accounts,276,270,4,25,621,540,80,0.9457,108,614
02/02/24,Alorica - SDC Accounts,521,515,1,7,780,683,97,0.9885,51,51
02/02/24,ES - SDC Accounts,227,222,1,18,606,524,82,0.9692,92,447
02/05/24,Alorica - SDC Accounts,640,636,0,6,812,712,100,0.9938,,131
02/05/24,ES - SDC Accounts,374,362,4,28,597,520,76,0.9437,125,724
02/06/24,Alorica - SDC Accounts,604,598,2,6,769,668,101,0.9901,117,218
02/06/24,ES - SDC Accounts,277,272,2,18,608,530,78,0.9675,23,335
02/07/24,Alorica - SDC Accounts,548,545,0,7,785,692,93,0.9945,,88
02/07/24,ES - SDC Accounts,249,247,1,15,618,547,71,0.988,38,265
02/08/24,Alorica - SDC Accounts,460,456,0,8,820,726,94,0.9891,,529
02/08/24,ES - SDC Accounts,370,362,4,22,636,560,76,0.9622,176,729
02/09/24,Alorica - SDC Accounts,416,409,0,6,749,644,104,0.9832,,20
02/09/24,ES - SDC Accounts,217,211,0,20,628,543,85,0.9493,,469
02/12/24,Alorica - SDC Accounts,488,483,1,6,710,614,95,0.9898,3520,3520
02/12/24,ES - SDC Accounts,341,334,3,13,603,522,80,0.9765,119,400
02/13/24,Alorica - SDC Accounts,424,419,1,7,845,745,100,0.9882,1093,1093
02/13/24,ES - SDC Accounts,289,282,2,23,653,579,73,0.9585,13,1036
02/14/24,Alorica - SDC Accounts,429,428,0,7,793,698,95,0.9977,,70
02/14/24,ES - SDC Accounts,261,260,0,19,670,587,82,0.9808,,509
02/15/24,Alorica - SDC Accounts,453,451,0,7,753,650,102,0.9956,,44
02/15/24,ES - SDC Accounts,254,248,3,21,608,531,78,0.9605,805,2385
02/16/24,Alorica - SDC Accounts,446,444,0,7,752,672,80,0.9955,,114
02/16/24,ES - SDC Accounts,275,271,0,16,644,564,80,0.9782,,645
02/19/24,Alorica - SDC Accounts,427,425,0,6,788,678,110,0.9953,,50
02/19/24,ES - SDC Accounts,236,233,0,11,569,498,71,0.9873,,61
02/20/24,Alorica - SDC Accounts,555,551,0,6,774,659,115,0.9928,,99
02/20/24,ES - SDC Accounts,252,243,7,42,615,542,73,0.9246,546,1390
02/21/24,Alorica - SDC Accounts,489,486,0,7,763,666,97,0.9918,,206
02/21/24,ES - SDC Accounts,212,208,1,11,592,522,70,0.9905,12,50
02/22/24,Alorica - SDC Accounts,492,488,0,7,735,634,101,0.9919,,51
02/22/24,ES - SDC Accounts,208,204,2,32,628,553,75,0.9567,188,791
02/23/24,Alorica - SDC Accounts,455,450,1,7,749,658,90,0.989,82,82
02/23/24,ES - SDC Accounts,148,144,1,13,603,520,82,0.9728,21,242
02/26/24,Alorica - SDC Accounts,360,359,0,6,757,663,94,0.9972,,21
02/26/24,ES - SDC Accounts,492,473,13,52,657,570,87,0.8758,318,1788
02/27/24,Alorica - SDC Accounts,410,407,0,7,751,629,122,0.9927,,122
02/27/24,ES - SDC Accounts,315,301,13,43,728,641,87,0.9016,293,1547
02/28/24,Alorica - SDC Accounts,404,400,2,7,767,668,99,0.9901,20,110
02/28/24,ES - SDC Accounts,366,362,1,14,608,523,84,0.9836,39,203
02/29/24,Alorica - SDC Accounts,309,306,2,7,743,642,101,0.9871,210,355
02/29/24,ES - SDC Accounts,327,323,1,23,677,573,104,0.9693,18,609
03/01/24,Alorica - SDC Accounts,291,291,,7,760,664,97,0.9966,,213
03/01/24,ES - SDC Accounts,403,361,41,93,663,569,94,0.8164,495,2614
03/04/24,Alorica - SDC Accounts,398,395,0,6,758,664,94,0.9925,,59
03/04/24,ES - SDC Accounts,510,449,52,162,694,588,106,0.6326,443,1878
03/05/24,Alorica - SDC Accounts,326,326,,7,729,636,94,1,,97
03/05/24,ES - SDC Accounts,491,444,44,135,723,612,111,0.5959,271,1425
03/06/24,Alorica - SDC Accounts,302,301,0,6,744,657,87,0.9967,,30
03/06/24,ES - SDC Accounts,431,413,12,40,635,543,92,0.9072,621,3394
03/07/24,Alorica - SDC Accounts,223,220,0,6,678,619,59,0.9865,,69
03/07/24,ES - SDC Accounts,497,454,30,80,728,588,140,0.7495,185,957
03/08/24,Alorica - SDC Accounts,230,230,,6,724,660,64,1,,33
03/08/24,ES - SDC Accounts,538,463,67,140,615,513,102,0.6518,227,801
03/11/24,Alorica - SDC Accounts,352,351,0,6,732,659,73,0.9943,,207
03/11/24,ES - SDC Accounts,573,510,54,154,647,539,109,0.6126,434,3794
03/12/24,Alorica - SDC Accounts,228,227,0,6,707,634,73,0.9956,,17
03/12/24,ES - SDC Accounts,537,518,14,57,676,568,108,0.8692,187,639
03/13/24,Alorica - SDC Accounts,230,229,0,6,707,631,76,0.9957,,15
03/13/24,ES - SDC Accounts,454,431,20,59,701,595,106,0.8348,155,588
03/14/24,Alorica - SDC Accounts,259,257,0,9,675,609,66,0.9884,,782
03/14/24,ES - SDC Accounts,401,382,15,54,676,563,114,0.8625,175,932
03/15/24,Alorica - SDC Accounts,214,212,0,6,721,648,72,0.9907,,13
03/15/24,ES - SDC Accounts,369,336,25,74,661,558,103,0.8098,292,1045
03/18/24,Alorica - SDC Accounts,161,160,0,5,754,687,67,0.9938,,14
03/18/24,ES - SDC Accounts,831,674,141,349,699,585,114,0.2952,272,1195
03/19/24,Alorica - SDC Accounts,153,151,0,11,787,709,78,0.9739,,391
03/19/24,ES - SDC Accounts,593,450,140,407,783,651,132,0.2901,468,7120
03/20/24,Alorica - SDC Accounts,231,228,1,7,655,598,57,0.9827,30,321
03/20/24,ES - SDC Accounts,455,438,13,34,643,519,124,0.9319,301,1286
03/21/24,Alorica - SDC Accounts,182,179,1,9,688,618,69,0.9835,52,180
03/21/24,ES - SDC Accounts,565,518,40,113,629,493,136,0.7336,354,1814
03/22/24,Alorica - SDC Accounts,201,198,1,8,618,562,56,0.9851,30,143
03/22/24,ES - SDC Accounts,435,423,7,39,615,481,134,0.9149,166,954
03/25/24,Alorica - SDC Accounts,90,90,,20,711,688,23,0.9778,,828
03/25/24,ES - SDC Accounts,797,613,167,254,656,517,139,0.4415,795,5061
03/26/24,Alorica - SDC Accounts,74,69,2,8,678,638,39,0.9452,877,1253
03/26/24,ES - SDC Accounts,709,638,64,146,643,507,135,0.6023,219,1041
03/27/24,Alorica - SDC Accounts,87,86,1,19,805,752,53,0.9655,565,565
03/27/24,ES - SDC Accounts,721,703,14,50,686,559,127,0.8863,138,687
03/28/24,Alorica - SDC Accounts,82,79,2,114,790,768,22,0.8395,803,2039
03/28/24,ES - SDC Accounts,648,631,7,19,641,485,155,0.966,29,381
03/29/24,Alorica - SDC Accounts,90,88,2,11,742,705,37,0.9667,754,1400
03/29/24,ES - SDC Accounts,432,426,2,16,715,552,162,0.9792,31,439
04/01/24,Alorica - SDC Accounts,69,66,3,32,812,757,55,0.8841,144,549
04/01/24,ES - SDC Accounts,732,662,60,217,761,589,172,0.554,222,1028
04/02/24,Alorica - SDC Accounts,75,73,2,60,734,689,45,0.8933,938,1491
04/02/24,ES - SDC Accounts,722,672,49,125,738,553,185,0.6884,152,1180
04/03/24,Alorica - SDC Accounts,98,93,4,26,718,668,50,0.9278,442,1035
04/03/24,ES - SDC Accounts,735,675,54,169,728,558,170,0.6803,342,1633
04/04/24,Alorica - SDC Accounts,105,99,3,25,708,684,24,0.9038,188,334
04/04/24,ES - SDC Accounts,675,633,37,115,688,503,185,0.7156,157,856
04/05/24,Alorica - SDC Accounts,87,77,7,73,729,682,47,0.8095,583,2526
04/05/24,ES - SDC Accounts,643,623,12,21,635,468,167,0.9642,28,225
04/08/24,Alorica - SDC Accounts,105,95,8,45,687,619,68,0.8269,306,1116
04/08/24,ES - SDC Accounts,757,722,25,49,697,527,170,0.8732,89,440
04/09/24,Alorica - SDC Accounts,94,88,5,40,732,676,56,0.8925,366,956
04/09/24,ES - SDC Accounts,653,629,19,52,709,520,190,0.8867,120,749
04/10/24,Alorica - SDC Accounts,104,99,4,34,738,697,41,0.9126,154,568
04/10/24,ES - SDC Accounts,622,610,10,42,695,519,175,0.9244,100,504
04/11/24,Alorica - SDC Accounts,132,127,3,28,821,758,63,0.9237,197,349
04/11/24,ES - SDC Accounts,576,561,9,27,646,461,184,0.9635,73,275
04/12/24,Alorica - SDC Accounts,250,248,1,20,828,753,75,0.96,1081,1081
04/12/24,ES - SDC Accounts,436,422,10,52,633,462,171,0.8828,119,615
04/15/24,Alorica - SDC Accounts,180,172,7,31,794,712,82,0.9222,857,2248
04/15/24,ES - SDC Accounts,710,662,38,95,701,524,177,0.8254,275,1931
04/16/24,Alorica - SDC Accounts,178,170,4,36,808,732,75,0.9318,169,448
04/16/24,ES - SDC Accounts,638,631,3,24,631,467,164,0.9734,109,267
04/17/24,Alorica - SDC Accounts,160,155,4,56,765,684,81,0.8994,194,574
04/17/24,ES - SDC Accounts,635,612,17,39,659,494,165,0.9134,154,581
04/18/24,Alorica - SDC Accounts,240,227,7,50,987,916,71,0.8983,261,1437
04/18/24,ES - SDC Accounts,499,470,23,100,650,486,164,0.8257,314,1202
04/19/24,Alorica - SDC Accounts,259,246,9,46,930,896,34,0.8837,201,804
04/19/24,ES - SDC Accounts,399,393,4,20,536,375,161,0.9825,28,526
04/22/24,Alorica - SDC Accounts,211,195,10,38,883,814,69,0.8804,191,1327
04/22/24,ES - SDC Accounts,673,651,13,28,643,464,179,0.9435,77,291
04/23/24,Alorica - SDC Accounts,236,232,2,22,918,865,53,0.9449,243,509
04/23/24,ES - SDC Accounts,443,436,2,20,663,491,172,0.9842,14,105
04/24/24,Alorica - SDC Accounts,181,177,1,18,832,773,60,0.9558,110,343
04/24/24,ES - SDC Accounts,517,499,15,64,734,557,177,0.8627,124,768
04/25/24,Alorica - SDC Accounts,212,210,1,7,870,822,48,0.9906,37,37
04/25/24,ES - SDC Accounts,432,426,2,21,712,523,189,0.9769,72,243
04/26/24,Alorica - SDC Accounts,188,186,1,11,887,845,42,0.984,156,630
04/26/24,ES - SDC Accounts,403,396,4,23,700,547,153,0.9826,23,151
04/29/24,Alorica - SDC Accounts,338,332,1,10,944,865,79,0.9763,101,289
04/29/24,ES - SDC Accounts,445,423,10,71,741,568,173,0.8311,239,804
04/30/24,Alorica - SDC Accounts,355,354,0,7,880,826,54,0.9972,,92
04/30/24,ES - SDC Accounts,388,375,7,39,716,566,150,0.9227,166,742
05/01/24,Alorica - SDC Accounts,353,349,0,9,863,817,46,0.9858,,445
05/01/24,ES - SDC Accounts,345,336,7,24,731,560,171,0.9565,49,262
05/02/24,Alorica - SDC Accounts,271,265,1,9,825,776,49,0.9742,163,197
05/02/24,ES - SDC Accounts,447,385,54,360,811,624,186,0.396,280,1172
05/03/24,Alorica - SDC Accounts,223,217,4,10,879,813,66,0.9731,470,1487
05/03/24,ES - SDC Accounts,408,392,14,55,713,567,146,0.8725,144,404
05/06/24,Alorica - SDC Accounts,300,293,3,10,854,776,77,0.9667,249,527
05/06/24,ES - SDC Accounts,543,523,17,64,745,557,187,0.8748,86,818
05/07/24,Alorica - SDC Accounts,299,299,,13,902,829,73,0.9933,,1067
05/07/24,ES - SDC Accounts,392,387,4,68,781,585,196,0.8827,177,764
05/08/24,Alorica - SDC Accounts,226,224,0,11,875,811,64,0.9912,,157
05/08/24,ES - SDC Accounts,538,513,22,80,777,595,182,0.8253,88,570
05/09/24,Alorica - SDC Accounts,357,353,2,8,860,801,59,0.986,50,239
05/09/24,ES - SDC Accounts,284,278,4,39,756,591,164,0.9296,70,317
05/10/24,Alorica - SDC Accounts,339,329,2,11,899,837,63,0.9703,552,973
05/10/24,ES - SDC Accounts,305,287,16,96,720,553,167,0.7664,198,674
05/13/24,Alorica - SDC Accounts,172,169,2,25,787,741,46,0.9532,130,811
05/13/24,ES - SDC Accounts,580,529,44,142,833,654,179,0.6621,294,4110
05/14/24,Alorica - SDC Accounts,257,254,1,11,879,839,40,0.9805,72,327
05/14/24,ES - SDC Accounts,526,495,27,107,755,584,171,0.7776,240,969
05/15/24,Alorica - SDC Accounts,146,144,2,51,811,752,60,0.9452,1546,3067
05/15/24,ES - SDC Accounts,659,554,86,287,829,675,154,0.5243,327,2092
05/16/24,Alorica - SDC Accounts,233,230,2,18,830,785,45,0.9614,56,361
05/16/24,ES - SDC Accounts,482,475,6,38,758,593,165,0.9461,79,360
05/17/24,Alorica - SDC Accounts,170,170,,26,823,778,45,0.9588,,762
05/17/24,ES - SDC Accounts,430,400,27,105,805,626,179,0.7442,165,910
05/20/24,Alorica - SDC Accounts,115,114,1,18,880,825,55,0.9739,56,865
05/20/24,ES - SDC Accounts,652,518,123,489,855,726,129,0.2439,304,1853
05/21/24,Alorica - SDC Accounts,183,183,,12,889,830,58,0.9891,,584
05/21/24,ES - SDC Accounts,506,445,52,262,829,702,127,0.4059,212,1203
05/22/24,Alorica - SDC Accounts,180,177,2,12,815,768,46,0.9722,140,471
05/22/24,ES - SDC Accounts,443,389,45,170,786,646,140,0.5395,210,1066
05/23/24,Alorica - SDC Accounts,381,379,0,8,895,841,53,0.9974,,60
05/23/24,ES - SDC Accounts,210,184,24,189,850,635,215,0.6842,507,2247
05/24/24,Alorica - SDC Accounts,264,264,,8,908,856,52,1,,112
05/24/24,ES - SDC Accounts,252,239,12,62,802,615,187,0.877,191,676
05/27/24,ES - SDC Accounts,111,109,2,19,793,706,87,0.973,16,295
05/28/24,ES - SDC Accounts,729,649,76,217,935,789,146,0.5226,220,1879
05/29/24,ES - SDC Accounts,689,651,36,84,835,700,134,0.8026,178,1324
05/30/24,ES - SDC Accounts,594,529,55,190,974,835,139,0.6549,383,3592
05/31/24,ES - SDC Accounts,541,493,45,162,890,772,117,0.6599,417,1556
06/03/24,ES - SDC Accounts,884,786,87,248,932,848,84,0.3903,187,986
06/04/24,ES - SDC Accounts,670,641,24,79,861,777,84,0.791,123,638
06/05/24,ES - SDC Accounts,695,679,11,38,911,825,86,0.9295,137,364
06/06/24,ES - SDC Accounts,590,582,6,19,883,809,74,0.9644,71,549
06/07/24,ES - SDC Accounts,555,549,4,14,820,748,72,0.9802,93,354
06/10/24,ES - SDC Accounts,809,772,28,59,837,772,65,0.8603,107,491
06/11/24,ES - SDC Accounts,698,675,23,73,878,822,56,0.8252,127,433
07/05/24,ES - SDC Accounts,487,482,1,9,902,805,97,0.9897,493,493
07/08/24,ES - SDC Accounts,869,857,6,28,861,764,97,0.9563,105,451
07/09/24,ES - SDC Accounts,772,739,21,53,893,783,109,0.8497,100,506
07/10/24,ES - SDC Accounts,774,754,11,18,845,744,101,0.969,67,218
07/11/24,ES - SDC Accounts,808,795,6,22,812,721,91,0.9653,43,368
07/12/24,ES - SDC Accounts,745,719,15,24,801,709,92,0.949,76,272
07/15/24,ES - SDC Accounts,1124,1075,34,46,801,710,90,0.9084,84,587
07/16/24,ES - SDC Accounts,936,919,8,18,820,724,96,0.9786,57,255
07/17/24,ES - SDC Accounts,815,790,17,36,791,697,94,0.9104,139,423
07/18/24,ES - SDC Accounts,772,755,8,24,858,774,85,0.9521,69,543
07/19/24,ES - SDC Accounts,692,682,2,15,721,636,85,0.974,110,351
07/22/24,ES - SDC Accounts,1012,936,66,130,845,764,81,0.6848,152,793
07/23/24,ES - SDC Accounts,957,920,25,65,863,776,87,0.8224,87,415
07/24/24,ES - SDC Accounts,832,627,188,552,829,742,86,0.1971,275,1569
07/25/24,ES - SDC Accounts,931,766,149,370,830,752,78,0.3538,273,1093
07/26/24,ES - SDC Accounts,621,617,1,9,862,775,86,0.9936,13,117
07/29/24,ES - SDC Accounts,888,841,32,65,891,806,85,0.8255,135,674
07/30/24,ES - SDC Accounts,752,729,6,18,820,726,95,0.9521,108,374
07/31/24,ES - SDC Accounts,689,670,8,31,839,741,98,0.9187,115,696
08/01/24,ES - SDC Accounts,808,778,23,59,886,795,91,0.8441,123,602
08/02/24,ES - SDC Accounts,702,661,35,74,833,746,87,0.8191,199,1911
08/05/24,ES - SDC Accounts,923,851,62,150,772,702,70,0.6306,140,1182
08/06/24,ES - SDC Accounts,737,717,10,38,810,736,74,0.9091,74,527
08/07/24,ES - SDC Accounts,759,739,5,24,806,728,78,0.9486,147,891
08/08/24,ES - SDC Accounts,720,702,14,68,844,769,75,0.8458,109,602
08/09/24,ES - SDC Accounts,690,669,17,37,809,731,78,0.9,76,530
08/12/24,ES - SDC Accounts,927,898,20,39,827,748,79,0.9018,92,699
08/13/24,ES - SDC Accounts,800,785,6,21,848,770,78,0.9688,72,322
